CDM,ColNam,DQLVL,MS1_FREQ,MS2_FREQ,MSs_PERCENTAGE,ORGANIZATION,Rows,TEST_DATE,TabNam,TotalSizeKB,UNIQUE_FREQ,abbr,cat,loaded,organization,primary
OMOPV5_0,person_id,X,0.0,0.0,0.0,DataQuest_St.Marys,50187.0,05-22-2019,person,7503.0,50187.0,psrn,clinical,True,DataQuest_St.Marys,True
OMOPV5_0,gender_concept_id,Yes,0.0,0.0,0.0,DataQuest_St.Marys,50187.0,05-22-2019,person,7503.0,3.0,psrn,clinical,True,DataQuest_St.Marys,False
OMOPV5_0,year_of_birth,Yes,0.0,0.0,0.0,DataQuest_St.Marys,50187.0,05-22-2019,person,7503.0,116.0,psrn,clinical,True,DataQuest_St.Marys,False
OMOPV5_0,month_of_birth,No,0.0,0.0,0.0,DataQuest_St.Marys,50187.0,05-22-2019,person,7503.0,0.0,psrn,clinical,True,DataQuest_St.Marys,False
OMOPV5_0,day_of_birth,No,0.0,0.0,0.0,DataQuest_St.Marys,50187.0,05-22-2019,person,7503.0,0.0,psrn,clinical,True,DataQuest_St.Marys,False
OMOPV5_0,race_concept_id,Yes,0.0,0.0,0.0,DataQuest_St.Marys,50187.0,05-22-2019,person,7503.0,8.0,psrn,clinical,True,DataQuest_St.Marys,False
OMOPV5_0,ethnicity_concept_id,Yes,0.0,0.0,0.0,DataQuest_St.Marys,50187.0,05-22-2019,person,7503.0,4.0,psrn,clinical,True,DataQuest_St.Marys,False
OMOPV5_0,location_id,No,0.0,0.0,0.0,DataQuest_St.Marys,50187.0,05-22-2019,person,7503.0,1.0,psrn,clinical,True,DataQuest_St.Marys,False
OMOPV5_0,provider_id,No,0.0,0.0,0.0,DataQuest_St.Marys,50187.0,05-22-2019,person,7503.0,68.0,psrn,clinical,True,DataQuest_St.Marys,False
OMOPV5_0,care_site_id,No,0.0,0.0,0.0,DataQuest_St.Marys,50187.0,05-22-2019,person,7503.0,0.0,psrn,clinical,True,DataQuest_St.Marys,False
OMOPV5_0,person_source_value,No,0.0,0.0,0.0,DataQuest_St.Marys,50187.0,05-22-2019,person,7503.0,1.0,psrn,clinical,True,DataQuest_St.Marys,False
OMOPV5_0,gender_source_value,No,0.0,0.0,0.0,DataQuest_St.Marys,50187.0,05-22-2019,person,7503.0,3.0,psrn,clinical,True,DataQuest_St.Marys,False
OMOPV5_0,race_source_value,No,3949.0,3949.0,0.157,DataQuest_St.Marys,50187.0,05-22-2019,person,7503.0,12.0,psrn,clinical,True,DataQuest_St.Marys,False
OMOPV5_0,ethnicity_source_value,No,10619.0,10619.0,0.423,DataQuest_St.Marys,50187.0,05-22-2019,person,7503.0,8.0,psrn,clinical,True,DataQuest_St.Marys,False
OMOPV5_0,visit_occurrence_id,Yes,0.0,0.0,0.0,DataQuest_St.Marys,0.0,05-22-2019,visit_occurrence,0.0,0.0,vsto,clinical,True,DataQuest_St.Marys,True
OMOPV5_0,person_id,Yes,0.0,0.0,0.0,DataQuest_St.Marys,0.0,05-22-2019,visit_occurrence,0.0,0.0,vsto,clinical,True,DataQuest_St.Marys,False
OMOPV5_0,visit_start_date,Yes,0.0,0.0,0.0,DataQuest_St.Marys,0.0,05-22-2019,visit_occurrence,0.0,0.0,vsto,clinical,True,DataQuest_St.Marys,False
OMOPV5_0,visit_end_date,Yes,0.0,0.0,0.0,DataQuest_St.Marys,0.0,05-22-2019,visit_occurrence,0.0,0.0,vsto,clinical,True,DataQuest_St.Marys,False
OMOPV5_0,care_site_id,No,0.0,0.0,0.0,DataQuest_St.Marys,0.0,05-22-2019,visit_occurrence,0.0,0.0,vsto,clinical,True,DataQuest_St.Marys,False
OMOPV5_0,procedure_occurrence_id,Yes,0.0,0.0,0.0,DataQuest_St.Marys,1024585.0,05-22-2019,procedure_occurrence,135495.0,1024585.0,prco,clinical,True,DataQuest_St.Marys,True
OMOPV5_0,person_id,Yes,0.0,0.0,0.0,DataQuest_St.Marys,1024585.0,05-22-2019,procedure_occurrence,135495.0,29316.0,prco,clinical,True,DataQuest_St.Marys,False
OMOPV5_0,procedure_concept_id,Yes,0.0,0.0,0.0,DataQuest_St.Marys,1024585.0,05-22-2019,procedure_occurrence,135495.0,118.0,prco,clinical,True,DataQuest_St.Marys,False
OMOPV5_0,procedure_date,Yes,0.0,0.0,0.0,DataQuest_St.Marys,1024585.0,05-22-2019,procedure_occurrence,135495.0,5316.0,prco,clinical,True,DataQuest_St.Marys,False
OMOPV5_0,procedure_type_concept_id,Yes,0.0,0.0,0.0,DataQuest_St.Marys,1024585.0,05-22-2019,procedure_occurrence,135495.0,1.0,prco,clinical,True,DataQuest_St.Marys,False
OMOPV5_0,visit_occurrence_id,No,0.0,0.0,0.0,DataQuest_St.Marys,1024585.0,05-22-2019,procedure_occurrence,135495.0,15429.0,prco,clinical,True,DataQuest_St.Marys,False
OMOPV5_0,procedure_source_value,No,0.0,0.0,0.0,DataQuest_St.Marys,1024585.0,05-22-2019,procedure_occurrence,135495.0,139.0,prco,clinical,True,DataQuest_St.Marys,False
OMOPV5_0,drug_exposure_id,Yes,0.0,0.0,0.0,DataQuest_St.Marys,4120459.0,05-22-2019,drug_exposure,779853.0,4120336.0,drge,clinical,True,DataQuest_St.Marys,True
OMOPV5_0,person_id,Yes,0.0,0.0,0.0,DataQuest_St.Marys,4120459.0,05-22-2019,drug_exposure,779853.0,27812.0,drge,clinical,True,DataQuest_St.Marys,False
OMOPV5_0,drug_concept_id,Yes,0.0,0.0,0.0,DataQuest_St.Marys,4120459.0,05-22-2019,drug_exposure,779853.0,426.0,drge,clinical,True,DataQuest_St.Marys,False
OMOPV5_0,drug_exposure_start_date,Yes,0.0,0.0,0.0,DataQuest_St.Marys,4120459.0,05-22-2019,drug_exposure,779853.0,4537.0,drge,clinical,True,DataQuest_St.Marys,False
OMOPV5_0,drug_exposure_end_date,No,0.0,0.0,0.0,DataQuest_St.Marys,4120459.0,05-22-2019,drug_exposure,779853.0,2706.0,drge,clinical,True,DataQuest_St.Marys,False
OMOPV5_0,drug_type_concept_id,Yes,0.0,0.0,0.0,DataQuest_St.Marys,4120459.0,05-22-2019,drug_exposure,779853.0,1.0,drge,clinical,True,DataQuest_St.Marys,False
OMOPV5_0,stop_reason,No,1186915.0,1186915.0,0.5760000000000001,DataQuest_St.Marys,4120459.0,05-22-2019,drug_exposure,779853.0,12.0,drge,clinical,True,DataQuest_St.Marys,False
OMOPV5_0,refills,No,0.0,0.0,0.0,DataQuest_St.Marys,4120459.0,05-22-2019,drug_exposure,779853.0,64.0,drge,clinical,True,DataQuest_St.Marys,False
OMOPV5_0,quantity,No,0.0,0.0,0.0,DataQuest_St.Marys,4120459.0,05-22-2019,drug_exposure,779853.0,0.0,drge,clinical,True,DataQuest_St.Marys,False
OMOPV5_0,days_supply,No,0.0,0.0,0.0,DataQuest_St.Marys,4120459.0,05-22-2019,drug_exposure,779853.0,0.0,drge,clinical,True,DataQuest_St.Marys,False
OMOPV5_0,sig,No,1187506.0,1187506.0,0.5760000000000001,DataQuest_St.Marys,4120459.0,05-22-2019,drug_exposure,779853.0,201063.0,drge,clinical,True,DataQuest_St.Marys,False
OMOPV5_0,visit_occurrence_id,No,0.0,0.0,0.0,DataQuest_St.Marys,4120459.0,05-22-2019,drug_exposure,779853.0,0.0,drge,clinical,True,DataQuest_St.Marys,False
OMOPV5_0,drug_source_value,No,45938.0,45938.0,0.022000000000000002,DataQuest_St.Marys,4120459.0,05-22-2019,drug_exposure,779853.0,18356.0,drge,clinical,True,DataQuest_St.Marys,False
OMOPV5_0,condition_occurrence_id,Yes,0.0,0.0,0.0,DataQuest_St.Marys,742327.0,05-22-2019,condition_occurrence,100876.0,742327.0,cndo,clinical,True,DataQuest_St.Marys,True
OMOPV5_0,person_id,Yes,0.0,0.0,0.0,DataQuest_St.Marys,742327.0,05-22-2019,condition_occurrence,100876.0,30108.0,cndo,clinical,True,DataQuest_St.Marys,False
OMOPV5_0,condition_concept_id,Yes,0.0,0.0,0.0,DataQuest_St.Marys,742327.0,05-22-2019,condition_occurrence,100876.0,9433.0,cndo,clinical,True,DataQuest_St.Marys,False
OMOPV5_0,condition_start_date,Yes,0.0,0.0,0.0,DataQuest_St.Marys,742327.0,05-22-2019,condition_occurrence,100876.0,3308.0,cndo,clinical,True,DataQuest_St.Marys,False
OMOPV5_0,condition_end_date,No,0.0,0.0,0.0,DataQuest_St.Marys,742327.0,05-22-2019,condition_occurrence,100876.0,2820.0,cndo,clinical,True,DataQuest_St.Marys,False
OMOPV5_0,condition_type_concept_id,Yes,0.0,0.0,0.0,DataQuest_St.Marys,742327.0,05-22-2019,condition_occurrence,100876.0,1.0,cndo,clinical,True,DataQuest_St.Marys,False
OMOPV5_0,stop_reason,No,742327.0,742327.0,2.0,DataQuest_St.Marys,742327.0,05-22-2019,condition_occurrence,100876.0,1.0,cndo,clinical,True,DataQuest_St.Marys,False
OMOPV5_0,visit_occurrence_id,No,0.0,0.0,0.0,DataQuest_St.Marys,742327.0,05-22-2019,condition_occurrence,100876.0,117472.0,cndo,clinical,True,DataQuest_St.Marys,False
OMOPV5_0,condition_source_value,No,0.0,0.0,0.0,DataQuest_St.Marys,742327.0,05-22-2019,condition_occurrence,100876.0,9456.0,cndo,clinical,True,DataQuest_St.Marys,False
OMOPV5_0,observation_id,Yes,0.0,0.0,0.0,DataQuest_St.Marys,7316837.0,05-22-2019,observation,1049395.0,7317977.0,obsr,clinical,True,DataQuest_St.Marys,True
OMOPV5_0,person_id,Yes,0.0,0.0,0.0,DataQuest_St.Marys,7316837.0,05-22-2019,observation,1049395.0,37165.0,obsr,clinical,True,DataQuest_St.Marys,False
OMOPV5_0,observation_concept_id,Yes,0.0,0.0,0.0,DataQuest_St.Marys,7316837.0,05-22-2019,observation,1049395.0,91.0,obsr,clinical,True,DataQuest_St.Marys,False
OMOPV5_0,observation_date,Yes,0.0,0.0,0.0,DataQuest_St.Marys,7316837.0,05-22-2019,observation,1049395.0,9280.0,obsr,clinical,True,DataQuest_St.Marys,False
OMOPV5_0,observation_time,No,0.0,0.0,0.0,DataQuest_St.Marys,7316837.0,05-22-2019,observation,1049395.0,0.0,obsr,clinical,True,DataQuest_St.Marys,False
OMOPV5_0,observation_type_concept_id,Yes,0.0,0.0,0.0,DataQuest_St.Marys,7316837.0,05-22-2019,observation,1049395.0,1.0,obsr,clinical,True,DataQuest_St.Marys,False
OMOPV5_0,value_as_number,No,0.0,0.0,0.0,DataQuest_St.Marys,7316837.0,05-22-2019,observation,1049395.0,0.0,obsr,clinical,True,DataQuest_St.Marys,False
OMOPV5_0,value_as_string,No,7317977.0,7317977.0,2.0,DataQuest_St.Marys,7316837.0,05-22-2019,observation,1049395.0,1.0,obsr,clinical,True,DataQuest_St.Marys,False
OMOPV5_0,value_as_concept_id,No,0.0,0.0,0.0,DataQuest_St.Marys,7316837.0,05-22-2019,observation,1049395.0,1.0,obsr,clinical,True,DataQuest_St.Marys,False
OMOPV5_0,unit_concept_id,No,0.0,0.0,0.0,DataQuest_St.Marys,7316837.0,05-22-2019,observation,1049395.0,1.0,obsr,clinical,True,DataQuest_St.Marys,False
OMOPV5_0,visit_occurrence_id,No,0.0,0.0,0.0,DataQuest_St.Marys,7316837.0,05-22-2019,observation,1049395.0,0.0,obsr,clinical,True,DataQuest_St.Marys,False
OMOPV5_0,observation_source_value,No,0.0,0.0,0.0,DataQuest_St.Marys,7316837.0,05-22-2019,observation,1049395.0,2831.0,obsr,clinical,True,DataQuest_St.Marys,False
OMOPV5_0,unit_source_value,No,2929543.0,3142914.0,0.83,DataQuest_St.Marys,7316837.0,05-22-2019,observation,1049395.0,34.0,obsr,clinical,True,DataQuest_St.Marys,False
OMOPV5_0,location_id,Yes,0.0,0.0,0.0,DataQuest_St.Marys,12.0,05-22-2019,location,8.0,12.0,loct,health_system,True,DataQuest_St.Marys,True
OMOPV5_0,address_1,No,1.0,1.0,0.16699999999999998,DataQuest_St.Marys,12.0,05-22-2019,location,8.0,10.0,loct,health_system,True,DataQuest_St.Marys,False
OMOPV5_0,address_2,No,11.0,11.0,1.8330000000000002,DataQuest_St.Marys,12.0,05-22-2019,location,8.0,1.0,loct,health_system,True,DataQuest_St.Marys,False
OMOPV5_0,city,No,2.0,2.0,0.33299999999999996,DataQuest_St.Marys,12.0,05-22-2019,location,8.0,10.0,loct,health_system,True,DataQuest_St.Marys,False
OMOPV5_0,state,No,2.0,2.0,0.33299999999999996,DataQuest_St.Marys,12.0,05-22-2019,location,8.0,2.0,loct,health_system,True,DataQuest_St.Marys,False
OMOPV5_0,zip,No,2.0,2.0,0.33299999999999996,DataQuest_St.Marys,12.0,05-22-2019,location,8.0,10.0,loct,health_system,True,DataQuest_St.Marys,False
OMOPV5_0,county,No,12.0,12.0,2.0,DataQuest_St.Marys,12.0,05-22-2019,location,8.0,1.0,loct,health_system,True,DataQuest_St.Marys,False
OMOPV5_0,location_source_value,No,0.0,0.0,0.0,DataQuest_St.Marys,12.0,05-22-2019,location,8.0,12.0,loct,health_system,True,DataQuest_St.Marys,False
OMOPV5_0,care_site_id,Yes,0.0,0.0,0.0,DataQuest_St.Marys,10.0,05-22-2019,care_site,8.0,10.0,cars,health_system,True,DataQuest_St.Marys,True
OMOPV5_0,place_of_service_concept_id,No,0.0,0.0,0.0,DataQuest_St.Marys,10.0,05-22-2019,care_site,8.0,1.0,cars,health_system,True,DataQuest_St.Marys,False
OMOPV5_0,location_id,No,0.0,0.0,0.0,DataQuest_St.Marys,10.0,05-22-2019,care_site,8.0,10.0,cars,health_system,True,DataQuest_St.Marys,False
OMOPV5_0,care_site_source_value,No,0.0,0.0,0.0,DataQuest_St.Marys,10.0,05-22-2019,care_site,8.0,10.0,cars,health_system,True,DataQuest_St.Marys,False
OMOPV5_0,place_of_service_source_value,No,10.0,10.0,2.0,DataQuest_St.Marys,10.0,05-22-2019,care_site,8.0,1.0,cars,health_system,True,DataQuest_St.Marys,False
OMOPV5_0,provider_id,Yes,0.0,0.0,0.0,DataQuest_St.Marys,250.0,05-22-2019,provider,32.0,250.0,prvd,health_system,True,DataQuest_St.Marys,True
OMOPV5_0,npi,No,0.0,0.0,0.0,DataQuest_St.Marys,250.0,05-22-2019,provider,32.0,0.0,prvd,health_system,True,DataQuest_St.Marys,False
OMOPV5_0,dea,No,0.0,0.0,0.0,DataQuest_St.Marys,250.0,05-22-2019,provider,32.0,0.0,prvd,health_system,True,DataQuest_St.Marys,False
OMOPV5_0,specialty_concept_id,No,0.0,0.0,0.0,DataQuest_St.Marys,250.0,05-22-2019,provider,32.0,1.0,prvd,health_system,True,DataQuest_St.Marys,False
OMOPV5_0,care_site_id,No,0.0,0.0,0.0,DataQuest_St.Marys,250.0,05-22-2019,provider,32.0,6.0,prvd,health_system,True,DataQuest_St.Marys,False
OMOPV5_0,provider_source_value,No,0.0,0.0,0.0,DataQuest_St.Marys,250.0,05-22-2019,provider,32.0,250.0,prvd,health_system,True,DataQuest_St.Marys,False
OMOPV5_0,specialty_source_value,No,250.0,250.0,2.0,DataQuest_St.Marys,250.0,05-22-2019,provider,32.0,1.0,prvd,health_system,True,DataQuest_St.Marys,False
OMOPV5_0,payer_plan_period_id,Yes,0.0,0.0,0.0,DataQuest_St.Marys,481327.0,05-22-2019,payer_plan_period,52420.0,481327.0,pppr,health_econ,True,DataQuest_St.Marys,True
OMOPV5_0,person_id,Yes,0.0,0.0,0.0,DataQuest_St.Marys,481327.0,05-22-2019,payer_plan_period,52420.0,37216.0,pppr,health_econ,True,DataQuest_St.Marys,False
OMOPV5_0,payer_plan_period_start_date,Yes,0.0,0.0,0.0,DataQuest_St.Marys,481327.0,05-22-2019,payer_plan_period,52420.0,3638.0,pppr,health_econ,True,DataQuest_St.Marys,False
OMOPV5_0,payer_plan_period_end_date,Yes,0.0,0.0,0.0,DataQuest_St.Marys,481327.0,05-22-2019,payer_plan_period,52420.0,1359.0,pppr,health_econ,True,DataQuest_St.Marys,False
OMOPV5_0,payer_source_value,No,17268.0,17268.0,0.07200000000000001,DataQuest_St.Marys,481327.0,05-22-2019,payer_plan_period,52420.0,379.0,pppr,health_econ,True,DataQuest_St.Marys,False
OMOPV5_0,plan_source_value,No,481327.0,481327.0,2.0,DataQuest_St.Marys,481327.0,05-22-2019,payer_plan_period,52420.0,1.0,pppr,health_econ,True,DataQuest_St.Marys,False
OMOPV5_0,family_source_value,No,481327.0,481327.0,2.0,DataQuest_St.Marys,481327.0,05-22-2019,payer_plan_period,52420.0,1.0,pppr,health_econ,True,DataQuest_St.Marys,False
OMOPV5_0,person_id,X,0.0,0.0,0.0,DataQuest_Yakima,104893.0,05-22-2019,person,12853.0,104893.0,psrn,clinical,True,DataQuest_Yakima,True
OMOPV5_0,gender_concept_id,Yes,0.0,0.0,0.0,DataQuest_Yakima,104893.0,05-22-2019,person,12853.0,3.0,psrn,clinical,True,DataQuest_Yakima,False
OMOPV5_0,year_of_birth,Yes,0.0,0.0,0.0,DataQuest_Yakima,104893.0,05-22-2019,person,12853.0,116.0,psrn,clinical,True,DataQuest_Yakima,False
OMOPV5_0,month_of_birth,No,0.0,0.0,0.0,DataQuest_Yakima,104893.0,05-22-2019,person,12853.0,0.0,psrn,clinical,True,DataQuest_Yakima,False
OMOPV5_0,day_of_birth,No,0.0,0.0,0.0,DataQuest_Yakima,104893.0,05-22-2019,person,12853.0,0.0,psrn,clinical,True,DataQuest_Yakima,False
OMOPV5_0,race_concept_id,Yes,0.0,0.0,0.0,DataQuest_Yakima,104893.0,05-22-2019,person,12853.0,6.0,psrn,clinical,True,DataQuest_Yakima,False
OMOPV5_0,ethnicity_concept_id,Yes,0.0,0.0,0.0,DataQuest_Yakima,104893.0,05-22-2019,person,12853.0,4.0,psrn,clinical,True,DataQuest_Yakima,False
OMOPV5_0,location_id,No,0.0,0.0,0.0,DataQuest_Yakima,104893.0,05-22-2019,person,12853.0,1228.0,psrn,clinical,True,DataQuest_Yakima,False
OMOPV5_0,provider_id,No,0.0,0.0,0.0,DataQuest_Yakima,104893.0,05-22-2019,person,12853.0,187.0,psrn,clinical,True,DataQuest_Yakima,False
OMOPV5_0,care_site_id,No,0.0,0.0,0.0,DataQuest_Yakima,104893.0,05-22-2019,person,12853.0,0.0,psrn,clinical,True,DataQuest_Yakima,False
OMOPV5_0,person_source_value,No,0.0,0.0,0.0,DataQuest_Yakima,104893.0,05-22-2019,person,12853.0,0.0,psrn,clinical,True,DataQuest_Yakima,False
OMOPV5_0,gender_source_value,No,11.0,11.0,0.0,DataQuest_Yakima,104893.0,05-22-2019,person,12853.0,3.0,psrn,clinical,True,DataQuest_Yakima,False
OMOPV5_0,race_source_value,No,0.0,0.0,0.0,DataQuest_Yakima,104893.0,05-22-2019,person,12853.0,9.0,psrn,clinical,True,DataQuest_Yakima,False
OMOPV5_0,ethnicity_source_value,No,0.0,0.0,0.0,DataQuest_Yakima,104893.0,05-22-2019,person,12853.0,4.0,psrn,clinical,True,DataQuest_Yakima,False
OMOPV5_0,visit_occurrence_id,Yes,0.0,0.0,0.0,DataQuest_Yakima,9244560.0,05-22-2019,visit_occurrence,1080631.0,9244134.0,vsto,clinical,True,DataQuest_Yakima,True
OMOPV5_0,person_id,Yes,0.0,0.0,0.0,DataQuest_Yakima,9244560.0,05-22-2019,visit_occurrence,1080631.0,89646.0,vsto,clinical,True,DataQuest_Yakima,False
OMOPV5_0,visit_start_date,Yes,0.0,0.0,0.0,DataQuest_Yakima,9244560.0,05-22-2019,visit_occurrence,1080631.0,2262.0,vsto,clinical,True,DataQuest_Yakima,False
OMOPV5_0,visit_end_date,Yes,0.0,0.0,0.0,DataQuest_Yakima,9244560.0,05-22-2019,visit_occurrence,1080631.0,2262.0,vsto,clinical,True,DataQuest_Yakima,False
OMOPV5_0,care_site_id,No,0.0,0.0,0.0,DataQuest_Yakima,9244560.0,05-22-2019,visit_occurrence,1080631.0,34.0,vsto,clinical,True,DataQuest_Yakima,False
OMOPV5_0,procedure_occurrence_id,Yes,0.0,0.0,0.0,DataQuest_Yakima,600008.0,05-22-2019,procedure_occurrence,70221.0,600008.0,prco,clinical,True,DataQuest_Yakima,True
OMOPV5_0,person_id,Yes,0.0,0.0,0.0,DataQuest_Yakima,600008.0,05-22-2019,procedure_occurrence,70221.0,44002.0,prco,clinical,True,DataQuest_Yakima,False
OMOPV5_0,procedure_concept_id,Yes,0.0,0.0,0.0,DataQuest_Yakima,600008.0,05-22-2019,procedure_occurrence,70221.0,1224.0,prco,clinical,True,DataQuest_Yakima,False
OMOPV5_0,procedure_date,Yes,0.0,0.0,0.0,DataQuest_Yakima,600008.0,05-22-2019,procedure_occurrence,70221.0,2162.0,prco,clinical,True,DataQuest_Yakima,False
OMOPV5_0,procedure_type_concept_id,Yes,0.0,0.0,0.0,DataQuest_Yakima,600008.0,05-22-2019,procedure_occurrence,70221.0,1.0,prco,clinical,True,DataQuest_Yakima,False
OMOPV5_0,visit_occurrence_id,No,0.0,0.0,0.0,DataQuest_Yakima,600008.0,05-22-2019,procedure_occurrence,70221.0,0.0,prco,clinical,True,DataQuest_Yakima,False
OMOPV5_0,procedure_source_value,No,0.0,0.0,0.0,DataQuest_Yakima,600008.0,05-22-2019,procedure_occurrence,70221.0,1240.0,prco,clinical,True,DataQuest_Yakima,False
OMOPV5_0,drug_exposure_id,Yes,0.0,0.0,0.0,DataQuest_Yakima,1627971.0,05-22-2019,drug_exposure,302989.0,1628055.0,drge,clinical,True,DataQuest_Yakima,True
OMOPV5_0,person_id,Yes,0.0,0.0,0.0,DataQuest_Yakima,1627971.0,05-22-2019,drug_exposure,302989.0,47177.0,drge,clinical,True,DataQuest_Yakima,False
OMOPV5_0,drug_concept_id,Yes,0.0,0.0,0.0,DataQuest_Yakima,1627971.0,05-22-2019,drug_exposure,302989.0,229.0,drge,clinical,True,DataQuest_Yakima,False
OMOPV5_0,drug_exposure_start_date,Yes,0.0,0.0,0.0,DataQuest_Yakima,1627971.0,05-22-2019,drug_exposure,302989.0,4232.0,drge,clinical,True,DataQuest_Yakima,False
OMOPV5_0,drug_exposure_end_date,No,0.0,0.0,0.0,DataQuest_Yakima,1627971.0,05-22-2019,drug_exposure,302989.0,2226.0,drge,clinical,True,DataQuest_Yakima,False
OMOPV5_0,drug_type_concept_id,Yes,0.0,0.0,0.0,DataQuest_Yakima,1627971.0,05-22-2019,drug_exposure,302989.0,1.0,drge,clinical,True,DataQuest_Yakima,False
OMOPV5_0,stop_reason,No,1628055.0,1628055.0,2.0,DataQuest_Yakima,1627971.0,05-22-2019,drug_exposure,302989.0,1.0,drge,clinical,True,DataQuest_Yakima,False
OMOPV5_0,refills,No,0.0,0.0,0.0,DataQuest_Yakima,1627971.0,05-22-2019,drug_exposure,302989.0,13.0,drge,clinical,True,DataQuest_Yakima,False
OMOPV5_0,quantity,No,0.0,0.0,0.0,DataQuest_Yakima,1627971.0,05-22-2019,drug_exposure,302989.0,446.0,drge,clinical,True,DataQuest_Yakima,False
OMOPV5_0,days_supply,No,0.0,0.0,0.0,DataQuest_Yakima,1627971.0,05-22-2019,drug_exposure,302989.0,153.0,drge,clinical,True,DataQuest_Yakima,False
OMOPV5_0,sig,No,45803.0,45811.0,0.055999999999999994,DataQuest_Yakima,1627971.0,05-22-2019,drug_exposure,302989.0,125766.0,drge,clinical,True,DataQuest_Yakima,False
OMOPV5_0,visit_occurrence_id,No,0.0,0.0,0.0,DataQuest_Yakima,1627971.0,05-22-2019,drug_exposure,302989.0,0.0,drge,clinical,True,DataQuest_Yakima,False
OMOPV5_0,drug_source_value,No,4.0,4.0,0.0,DataQuest_Yakima,1627971.0,05-22-2019,drug_exposure,302989.0,5066.0,drge,clinical,True,DataQuest_Yakima,False
OMOPV5_0,condition_occurrence_id,Yes,0.0,0.0,0.0,DataQuest_Yakima,3261159.0,05-22-2019,condition_occurrence,446513.0,2962539.0,cndo,clinical,True,DataQuest_Yakima,True
OMOPV5_0,person_id,Yes,0.0,0.0,0.0,DataQuest_Yakima,3261159.0,05-22-2019,condition_occurrence,446513.0,53859.0,cndo,clinical,True,DataQuest_Yakima,False
OMOPV5_0,condition_concept_id,Yes,0.0,0.0,0.0,DataQuest_Yakima,3261159.0,05-22-2019,condition_occurrence,446513.0,7675.0,cndo,clinical,True,DataQuest_Yakima,False
OMOPV5_0,condition_start_date,Yes,0.0,0.0,0.0,DataQuest_Yakima,3261159.0,05-22-2019,condition_occurrence,446513.0,3209.0,cndo,clinical,True,DataQuest_Yakima,False
OMOPV5_0,condition_end_date,No,0.0,0.0,0.0,DataQuest_Yakima,3261159.0,05-22-2019,condition_occurrence,446513.0,3429.0,cndo,clinical,True,DataQuest_Yakima,False
OMOPV5_0,condition_type_concept_id,Yes,0.0,0.0,0.0,DataQuest_Yakima,3261159.0,05-22-2019,condition_occurrence,446513.0,1.0,cndo,clinical,True,DataQuest_Yakima,False
OMOPV5_0,stop_reason,No,0.0,0.0,0.0,DataQuest_Yakima,3261159.0,05-22-2019,condition_occurrence,446513.0,0.0,cndo,clinical,True,DataQuest_Yakima,False
OMOPV5_0,visit_occurrence_id,No,0.0,0.0,0.0,DataQuest_Yakima,3261159.0,05-22-2019,condition_occurrence,446513.0,0.0,cndo,clinical,True,DataQuest_Yakima,False
OMOPV5_0,condition_source_value,No,0.0,0.0,0.0,DataQuest_Yakima,3261159.0,05-22-2019,condition_occurrence,446513.0,8097.0,cndo,clinical,True,DataQuest_Yakima,False
OMOPV5_0,observation_id,Yes,0.0,0.0,0.0,DataQuest_Yakima,5547656.0,05-22-2019,observation,794599.0,5547332.0,obsr,clinical,True,DataQuest_Yakima,True
OMOPV5_0,person_id,Yes,0.0,0.0,0.0,DataQuest_Yakima,5547656.0,05-22-2019,observation,794599.0,73227.0,obsr,clinical,True,DataQuest_Yakima,False
OMOPV5_0,observation_concept_id,Yes,0.0,0.0,0.0,DataQuest_Yakima,5547656.0,05-22-2019,observation,794599.0,101.0,obsr,clinical,True,DataQuest_Yakima,False
OMOPV5_0,observation_date,Yes,0.0,0.0,0.0,DataQuest_Yakima,5547656.0,05-22-2019,observation,794599.0,6099.0,obsr,clinical,True,DataQuest_Yakima,False
OMOPV5_0,observation_time,No,0.0,0.0,0.0,DataQuest_Yakima,5547656.0,05-22-2019,observation,794599.0,0.0,obsr,clinical,True,DataQuest_Yakima,False
OMOPV5_0,observation_type_concept_id,Yes,0.0,0.0,0.0,DataQuest_Yakima,5547656.0,05-22-2019,observation,794599.0,1.0,obsr,clinical,True,DataQuest_Yakima,False
OMOPV5_0,value_as_number,No,0.0,0.0,0.0,DataQuest_Yakima,5547656.0,05-22-2019,observation,794599.0,10271.0,obsr,clinical,True,DataQuest_Yakima,False
OMOPV5_0,value_as_string,No,0.0,987.0,0.0,DataQuest_Yakima,5547656.0,05-22-2019,observation,794599.0,7963.0,obsr,clinical,True,DataQuest_Yakima,False
OMOPV5_0,value_as_concept_id,No,0.0,0.0,0.0,DataQuest_Yakima,5547656.0,05-22-2019,observation,794599.0,1.0,obsr,clinical,True,DataQuest_Yakima,False
OMOPV5_0,unit_concept_id,No,0.0,0.0,0.0,DataQuest_Yakima,5547656.0,05-22-2019,observation,794599.0,3.0,obsr,clinical,True,DataQuest_Yakima,False
OMOPV5_0,visit_occurrence_id,No,0.0,0.0,0.0,DataQuest_Yakima,5547656.0,05-22-2019,observation,794599.0,0.0,obsr,clinical,True,DataQuest_Yakima,False
OMOPV5_0,observation_source_value,No,0.0,0.0,0.0,DataQuest_Yakima,5547656.0,05-22-2019,observation,794599.0,976.0,obsr,clinical,True,DataQuest_Yakima,False
OMOPV5_0,unit_source_value,No,0.0,131479.0,0.024,DataQuest_Yakima,5547656.0,05-22-2019,observation,794599.0,149.0,obsr,clinical,True,DataQuest_Yakima,False
OMOPV5_0,location_id,Yes,0.0,0.0,0.0,DataQuest_Yakima,1264.0,05-22-2019,location,114.0,1264.0,loct,health_system,True,DataQuest_Yakima,True
OMOPV5_0,address_1,No,2.0,2.0,0.003,DataQuest_Yakima,1264.0,05-22-2019,location,114.0,34.0,loct,health_system,True,DataQuest_Yakima,False
OMOPV5_0,address_2,No,36.0,36.0,0.057,DataQuest_Yakima,1264.0,05-22-2019,location,114.0,1.0,loct,health_system,True,DataQuest_Yakima,False
OMOPV5_0,city,No,2.0,2.0,0.003,DataQuest_Yakima,1264.0,05-22-2019,location,114.0,11.0,loct,health_system,True,DataQuest_Yakima,False
OMOPV5_0,state,No,2.0,2.0,0.003,DataQuest_Yakima,1264.0,05-22-2019,location,114.0,2.0,loct,health_system,True,DataQuest_Yakima,False
OMOPV5_0,zip,No,14.0,14.0,0.022000000000000002,DataQuest_Yakima,1264.0,05-22-2019,location,114.0,121.0,loct,health_system,True,DataQuest_Yakima,False
OMOPV5_0,county,No,36.0,36.0,0.057,DataQuest_Yakima,1264.0,05-22-2019,location,114.0,1.0,loct,health_system,True,DataQuest_Yakima,False
OMOPV5_0,location_source_value,No,0.0,0.0,0.0,DataQuest_Yakima,1264.0,05-22-2019,location,114.0,0.0,loct,health_system,True,DataQuest_Yakima,False
OMOPV5_0,care_site_id,Yes,0.0,0.0,0.0,DataQuest_Yakima,0.0,05-22-2019,care_site,8.0,35.0,cars,health_system,True,DataQuest_Yakima,True
OMOPV5_0,place_of_service_concept_id,No,0.0,0.0,0.0,DataQuest_Yakima,0.0,05-22-2019,care_site,8.0,1.0,cars,health_system,True,DataQuest_Yakima,False
OMOPV5_0,location_id,No,0.0,0.0,0.0,DataQuest_Yakima,0.0,05-22-2019,care_site,8.0,35.0,cars,health_system,True,DataQuest_Yakima,False
OMOPV5_0,care_site_source_value,No,0.0,0.0,0.0,DataQuest_Yakima,0.0,05-22-2019,care_site,8.0,35.0,cars,health_system,True,DataQuest_Yakima,False
OMOPV5_0,place_of_service_source_value,No,0.0,0.0,0.0,DataQuest_Yakima,0.0,05-22-2019,care_site,8.0,1.0,cars,health_system,True,DataQuest_Yakima,False
OMOPV5_0,provider_id,Yes,0.0,0.0,0.0,DataQuest_Yakima,2175.0,05-22-2019,provider,204.0,2175.0,prvd,health_system,True,DataQuest_Yakima,True
OMOPV5_0,npi,No,0.0,0.0,0.0,DataQuest_Yakima,2175.0,05-22-2019,provider,204.0,0.0,prvd,health_system,True,DataQuest_Yakima,False
OMOPV5_0,dea,No,0.0,0.0,0.0,DataQuest_Yakima,2175.0,05-22-2019,provider,204.0,0.0,prvd,health_system,True,DataQuest_Yakima,False
OMOPV5_0,specialty_concept_id,No,0.0,0.0,0.0,DataQuest_Yakima,2175.0,05-22-2019,provider,204.0,1.0,prvd,health_system,True,DataQuest_Yakima,False
OMOPV5_0,care_site_id,No,0.0,0.0,0.0,DataQuest_Yakima,2175.0,05-22-2019,provider,204.0,20.0,prvd,health_system,True,DataQuest_Yakima,False
OMOPV5_0,provider_source_value,No,0.0,0.0,0.0,DataQuest_Yakima,2175.0,05-22-2019,provider,204.0,0.0,prvd,health_system,True,DataQuest_Yakima,False
OMOPV5_0,specialty_source_value,No,981.0,981.0,0.902,DataQuest_Yakima,2175.0,05-22-2019,provider,204.0,37.0,prvd,health_system,True,DataQuest_Yakima,False
OMOPV5_0,payer_plan_period_id,Yes,0.0,0.0,0.0,DataQuest_Yakima,553475.0,05-22-2019,payer_plan_period,64471.0,553475.0,pppr,health_econ,True,DataQuest_Yakima,True
OMOPV5_0,person_id,Yes,0.0,0.0,0.0,DataQuest_Yakima,553475.0,05-22-2019,payer_plan_period,64471.0,99195.0,pppr,health_econ,True,DataQuest_Yakima,False
OMOPV5_0,payer_plan_period_start_date,Yes,0.0,0.0,0.0,DataQuest_Yakima,553475.0,05-22-2019,payer_plan_period,64471.0,3606.0,pppr,health_econ,True,DataQuest_Yakima,False
OMOPV5_0,payer_plan_period_end_date,Yes,0.0,0.0,0.0,DataQuest_Yakima,553475.0,05-22-2019,payer_plan_period,64471.0,2414.0,pppr,health_econ,True,DataQuest_Yakima,False
OMOPV5_0,payer_source_value,No,3387.0,3387.0,0.012,DataQuest_Yakima,553475.0,05-22-2019,payer_plan_period,64471.0,415.0,pppr,health_econ,True,DataQuest_Yakima,False
OMOPV5_0,plan_source_value,No,0.0,0.0,0.0,DataQuest_Yakima,553475.0,05-22-2019,payer_plan_period,64471.0,0.0,pppr,health_econ,True,DataQuest_Yakima,False
OMOPV5_0,family_source_value,No,0.0,0.0,0.0,DataQuest_Yakima,553475.0,05-22-2019,payer_plan_period,64471.0,0.0,pppr,health_econ,True,DataQuest_Yakima,False
OMOPV5_0,person_id,X,0.0,0.0,0.0,DataQuest_Pocatello,36001.0,05-22-2019,person,4726.0,36001.0,psrn,clinical,True,DataQuest_Pocatello,True
OMOPV5_0,gender_concept_id,Yes,0.0,0.0,0.0,DataQuest_Pocatello,36001.0,05-22-2019,person,4726.0,3.0,psrn,clinical,True,DataQuest_Pocatello,False
OMOPV5_0,year_of_birth,Yes,0.0,0.0,0.0,DataQuest_Pocatello,36001.0,05-22-2019,person,4726.0,115.0,psrn,clinical,True,DataQuest_Pocatello,False
OMOPV5_0,month_of_birth,No,0.0,0.0,0.0,DataQuest_Pocatello,36001.0,05-22-2019,person,4726.0,0.0,psrn,clinical,True,DataQuest_Pocatello,False
OMOPV5_0,day_of_birth,No,0.0,0.0,0.0,DataQuest_Pocatello,36001.0,05-22-2019,person,4726.0,0.0,psrn,clinical,True,DataQuest_Pocatello,False
OMOPV5_0,race_concept_id,Yes,0.0,0.0,0.0,DataQuest_Pocatello,36001.0,05-22-2019,person,4726.0,10.0,psrn,clinical,True,DataQuest_Pocatello,False
OMOPV5_0,ethnicity_concept_id,Yes,0.0,0.0,0.0,DataQuest_Pocatello,36001.0,05-22-2019,person,4726.0,3.0,psrn,clinical,True,DataQuest_Pocatello,False
OMOPV5_0,location_id,No,0.0,0.0,0.0,DataQuest_Pocatello,36001.0,05-22-2019,person,4726.0,791.0,psrn,clinical,True,DataQuest_Pocatello,False
OMOPV5_0,provider_id,No,0.0,0.0,0.0,DataQuest_Pocatello,36001.0,05-22-2019,person,4726.0,96.0,psrn,clinical,True,DataQuest_Pocatello,False
OMOPV5_0,care_site_id,No,0.0,0.0,0.0,DataQuest_Pocatello,36001.0,05-22-2019,person,4726.0,0.0,psrn,clinical,True,DataQuest_Pocatello,False
OMOPV5_0,person_source_value,No,0.0,0.0,0.0,DataQuest_Pocatello,36001.0,05-22-2019,person,4726.0,1.0,psrn,clinical,True,DataQuest_Pocatello,False
OMOPV5_0,gender_source_value,No,0.0,0.0,0.0,DataQuest_Pocatello,36001.0,05-22-2019,person,4726.0,3.0,psrn,clinical,True,DataQuest_Pocatello,False
OMOPV5_0,race_source_value,No,0.0,0.0,0.0,DataQuest_Pocatello,36001.0,05-22-2019,person,4726.0,14.0,psrn,clinical,True,DataQuest_Pocatello,False
OMOPV5_0,ethnicity_source_value,No,0.0,0.0,0.0,DataQuest_Pocatello,36001.0,05-22-2019,person,4726.0,4.0,psrn,clinical,True,DataQuest_Pocatello,False
OMOPV5_0,observation_period_id,Yes,0.0,0.0,0.0,DataQuest_Pocatello,0.0,05-22-2019,observation_period,0.0,0.0,obsp,clinical,True,DataQuest_Pocatello,True
OMOPV5_0,person_id,Yes,0.0,0.0,0.0,DataQuest_Pocatello,0.0,05-22-2019,observation_period,0.0,0.0,obsp,clinical,True,DataQuest_Pocatello,False
OMOPV5_0,observation_period_start_date,Yes,0.0,0.0,0.0,DataQuest_Pocatello,0.0,05-22-2019,observation_period,0.0,0.0,obsp,clinical,True,DataQuest_Pocatello,False
OMOPV5_0,observation_period_end_date,Yes,0.0,0.0,0.0,DataQuest_Pocatello,0.0,05-22-2019,observation_period,0.0,0.0,obsp,clinical,True,DataQuest_Pocatello,False
OMOPV5_0,person_id,Yes,0.0,0.0,0.0,DataQuest_Pocatello,0.0,05-22-2019,death,0.0,0.0,deth,clinical,True,DataQuest_Pocatello,False
OMOPV5_0,death_date,Yes,0.0,0.0,0.0,DataQuest_Pocatello,0.0,05-22-2019,death,0.0,0.0,deth,clinical,True,DataQuest_Pocatello,False
OMOPV5_0,death_type_concept_id,Yes,0.0,0.0,0.0,DataQuest_Pocatello,0.0,05-22-2019,death,0.0,0.0,deth,clinical,True,DataQuest_Pocatello,False
OMOPV5_0,visit_occurrence_id,Yes,0.0,0.0,0.0,DataQuest_Pocatello,661099.0,05-22-2019,visit_occurrence,74039.0,661099.0,vsto,clinical,True,DataQuest_Pocatello,True
OMOPV5_0,person_id,Yes,0.0,0.0,0.0,DataQuest_Pocatello,661099.0,05-22-2019,visit_occurrence,74039.0,17862.0,vsto,clinical,True,DataQuest_Pocatello,False
OMOPV5_0,visit_start_date,Yes,0.0,0.0,0.0,DataQuest_Pocatello,661099.0,05-22-2019,visit_occurrence,74039.0,2690.0,vsto,clinical,True,DataQuest_Pocatello,False
OMOPV5_0,visit_end_date,Yes,0.0,0.0,0.0,DataQuest_Pocatello,661099.0,05-22-2019,visit_occurrence,74039.0,2690.0,vsto,clinical,True,DataQuest_Pocatello,False
OMOPV5_0,care_site_id,No,0.0,0.0,0.0,DataQuest_Pocatello,661099.0,05-22-2019,visit_occurrence,74039.0,1.0,vsto,clinical,True,DataQuest_Pocatello,False
OMOPV5_0,procedure_occurrence_id,Yes,0.0,0.0,0.0,DataQuest_Pocatello,468080.0,05-22-2019,procedure_occurrence,47341.0,468080.0,prco,clinical,True,DataQuest_Pocatello,True
OMOPV5_0,person_id,Yes,0.0,0.0,0.0,DataQuest_Pocatello,468080.0,05-22-2019,procedure_occurrence,47341.0,19701.0,prco,clinical,True,DataQuest_Pocatello,False
OMOPV5_0,procedure_concept_id,Yes,0.0,0.0,0.0,DataQuest_Pocatello,468080.0,05-22-2019,procedure_occurrence,47341.0,642.0,prco,clinical,True,DataQuest_Pocatello,False
OMOPV5_0,procedure_date,Yes,0.0,0.0,0.0,DataQuest_Pocatello,468080.0,05-22-2019,procedure_occurrence,47341.0,3069.0,prco,clinical,True,DataQuest_Pocatello,False
OMOPV5_0,procedure_type_concept_id,Yes,0.0,0.0,0.0,DataQuest_Pocatello,468080.0,05-22-2019,procedure_occurrence,47341.0,1.0,prco,clinical,True,DataQuest_Pocatello,False
OMOPV5_0,visit_occurrence_id,No,0.0,0.0,0.0,DataQuest_Pocatello,468080.0,05-22-2019,procedure_occurrence,47341.0,162437.0,prco,clinical,True,DataQuest_Pocatello,False
OMOPV5_0,procedure_source_value,No,0.0,0.0,0.0,DataQuest_Pocatello,468080.0,05-22-2019,procedure_occurrence,47341.0,773.0,prco,clinical,True,DataQuest_Pocatello,False
OMOPV5_0,drug_exposure_id,Yes,0.0,0.0,0.0,DataQuest_Pocatello,396810.0,05-22-2019,drug_exposure,118964.0,396810.0,drge,clinical,True,DataQuest_Pocatello,True
OMOPV5_0,person_id,Yes,0.0,0.0,0.0,DataQuest_Pocatello,396810.0,05-22-2019,drug_exposure,118964.0,20449.0,drge,clinical,True,DataQuest_Pocatello,False
OMOPV5_0,drug_concept_id,Yes,0.0,0.0,0.0,DataQuest_Pocatello,396810.0,05-22-2019,drug_exposure,118964.0,2442.0,drge,clinical,True,DataQuest_Pocatello,False
OMOPV5_0,drug_exposure_start_date,Yes,0.0,0.0,0.0,DataQuest_Pocatello,396810.0,05-22-2019,drug_exposure,118964.0,2845.0,drge,clinical,True,DataQuest_Pocatello,False
OMOPV5_0,drug_exposure_end_date,No,0.0,0.0,0.0,DataQuest_Pocatello,396810.0,05-22-2019,drug_exposure,118964.0,2976.0,drge,clinical,True,DataQuest_Pocatello,False
OMOPV5_0,drug_type_concept_id,Yes,0.0,0.0,0.0,DataQuest_Pocatello,396810.0,05-22-2019,drug_exposure,118964.0,1.0,drge,clinical,True,DataQuest_Pocatello,False
OMOPV5_0,stop_reason,No,0.0,0.0,0.0,DataQuest_Pocatello,396810.0,05-22-2019,drug_exposure,118964.0,0.0,drge,clinical,True,DataQuest_Pocatello,False
OMOPV5_0,refills,No,0.0,0.0,0.0,DataQuest_Pocatello,396810.0,05-22-2019,drug_exposure,118964.0,54.0,drge,clinical,True,DataQuest_Pocatello,False
OMOPV5_0,quantity,No,0.0,0.0,0.0,DataQuest_Pocatello,396810.0,05-22-2019,drug_exposure,118964.0,2691.0,drge,clinical,True,DataQuest_Pocatello,False
OMOPV5_0,days_supply,No,0.0,0.0,0.0,DataQuest_Pocatello,396810.0,05-22-2019,drug_exposure,118964.0,0.0,drge,clinical,True,DataQuest_Pocatello,False
OMOPV5_0,sig,No,0.0,0.0,0.0,DataQuest_Pocatello,396810.0,05-22-2019,drug_exposure,118964.0,85041.0,drge,clinical,True,DataQuest_Pocatello,False
OMOPV5_0,visit_occurrence_id,No,0.0,0.0,0.0,DataQuest_Pocatello,396810.0,05-22-2019,drug_exposure,118964.0,0.0,drge,clinical,True,DataQuest_Pocatello,False
OMOPV5_0,drug_source_value,No,0.0,0.0,0.0,DataQuest_Pocatello,396810.0,05-22-2019,drug_exposure,118964.0,2852.0,drge,clinical,True,DataQuest_Pocatello,False
OMOPV5_0,condition_occurrence_id,Yes,0.0,0.0,0.0,DataQuest_Pocatello,1058718.0,05-22-2019,condition_occurrence,127721.0,1058718.0,cndo,clinical,True,DataQuest_Pocatello,True
OMOPV5_0,person_id,Yes,0.0,0.0,0.0,DataQuest_Pocatello,1058718.0,05-22-2019,condition_occurrence,127721.0,24053.0,cndo,clinical,True,DataQuest_Pocatello,False
OMOPV5_0,condition_concept_id,Yes,0.0,0.0,0.0,DataQuest_Pocatello,1058718.0,05-22-2019,condition_occurrence,127721.0,5479.0,cndo,clinical,True,DataQuest_Pocatello,False
OMOPV5_0,condition_start_date,Yes,0.0,0.0,0.0,DataQuest_Pocatello,1058718.0,05-22-2019,condition_occurrence,127721.0,3053.0,cndo,clinical,True,DataQuest_Pocatello,False
OMOPV5_0,condition_end_date,No,0.0,0.0,0.0,DataQuest_Pocatello,1058718.0,05-22-2019,condition_occurrence,127721.0,3462.0,cndo,clinical,True,DataQuest_Pocatello,False
OMOPV5_0,condition_type_concept_id,Yes,0.0,0.0,0.0,DataQuest_Pocatello,1058718.0,05-22-2019,condition_occurrence,127721.0,1.0,cndo,clinical,True,DataQuest_Pocatello,False
OMOPV5_0,stop_reason,No,0.0,0.0,0.0,DataQuest_Pocatello,1058718.0,05-22-2019,condition_occurrence,127721.0,0.0,cndo,clinical,True,DataQuest_Pocatello,False
OMOPV5_0,visit_occurrence_id,No,0.0,0.0,0.0,DataQuest_Pocatello,1058718.0,05-22-2019,condition_occurrence,127721.0,171675.0,cndo,clinical,True,DataQuest_Pocatello,False
OMOPV5_0,condition_source_value,No,0.0,0.0,0.0,DataQuest_Pocatello,1058718.0,05-22-2019,condition_occurrence,127721.0,4720.0,cndo,clinical,True,DataQuest_Pocatello,False
OMOPV5_0,observation_id,Yes,0.0,0.0,0.0,DataQuest_Pocatello,1577892.0,05-22-2019,observation,176062.0,1577892.0,obsr,clinical,True,DataQuest_Pocatello,True
OMOPV5_0,person_id,Yes,0.0,0.0,0.0,DataQuest_Pocatello,1577892.0,05-22-2019,observation,176062.0,27674.0,obsr,clinical,True,DataQuest_Pocatello,False
OMOPV5_0,observation_concept_id,Yes,0.0,0.0,0.0,DataQuest_Pocatello,1577892.0,05-22-2019,observation,176062.0,99.0,obsr,clinical,True,DataQuest_Pocatello,False
OMOPV5_0,observation_date,Yes,0.0,0.0,0.0,DataQuest_Pocatello,1577892.0,05-22-2019,observation,176062.0,5346.0,obsr,clinical,True,DataQuest_Pocatello,False
OMOPV5_0,observation_time,No,0.0,0.0,0.0,DataQuest_Pocatello,1577892.0,05-22-2019,observation,176062.0,0.0,obsr,clinical,True,DataQuest_Pocatello,False
OMOPV5_0,observation_type_concept_id,Yes,0.0,0.0,0.0,DataQuest_Pocatello,1577892.0,05-22-2019,observation,176062.0,1.0,obsr,clinical,True,DataQuest_Pocatello,False
OMOPV5_0,value_as_number,No,0.0,0.0,0.0,DataQuest_Pocatello,1577892.0,05-22-2019,observation,176062.0,4830.0,obsr,clinical,True,DataQuest_Pocatello,False
OMOPV5_0,value_as_string,No,0.0,0.0,0.0,DataQuest_Pocatello,1577892.0,05-22-2019,observation,176062.0,0.0,obsr,clinical,True,DataQuest_Pocatello,False
OMOPV5_0,value_as_concept_id,No,0.0,0.0,0.0,DataQuest_Pocatello,1577892.0,05-22-2019,observation,176062.0,1.0,obsr,clinical,True,DataQuest_Pocatello,False
OMOPV5_0,unit_concept_id,No,0.0,0.0,0.0,DataQuest_Pocatello,1577892.0,05-22-2019,observation,176062.0,18.0,obsr,clinical,True,DataQuest_Pocatello,False
OMOPV5_0,visit_occurrence_id,No,0.0,0.0,0.0,DataQuest_Pocatello,1577892.0,05-22-2019,observation,176062.0,0.0,obsr,clinical,True,DataQuest_Pocatello,False
OMOPV5_0,observation_source_value,No,0.0,0.0,0.0,DataQuest_Pocatello,1577892.0,05-22-2019,observation,176062.0,185.0,obsr,clinical,True,DataQuest_Pocatello,False
OMOPV5_0,unit_source_value,No,0.0,58461.0,0.037000000000000005,DataQuest_Pocatello,1577892.0,05-22-2019,observation,176062.0,26.0,obsr,clinical,True,DataQuest_Pocatello,False
OMOPV5_0,location_id,Yes,0.0,0.0,0.0,DataQuest_Pocatello,793.0,05-22-2019,location,65.0,793.0,loct,health_system,True,DataQuest_Pocatello,True
OMOPV5_0,address_1,No,0.0,0.0,0.0,DataQuest_Pocatello,793.0,05-22-2019,location,65.0,1.0,loct,health_system,True,DataQuest_Pocatello,False
OMOPV5_0,address_2,No,0.0,0.0,0.0,DataQuest_Pocatello,793.0,05-22-2019,location,65.0,0.0,loct,health_system,True,DataQuest_Pocatello,False
OMOPV5_0,city,No,0.0,0.0,0.0,DataQuest_Pocatello,793.0,05-22-2019,location,65.0,1.0,loct,health_system,True,DataQuest_Pocatello,False
OMOPV5_0,state,No,0.0,0.0,0.0,DataQuest_Pocatello,793.0,05-22-2019,location,65.0,1.0,loct,health_system,True,DataQuest_Pocatello,False
OMOPV5_0,zip,No,0.0,0.0,0.0,DataQuest_Pocatello,793.0,05-22-2019,location,65.0,790.0,loct,health_system,True,DataQuest_Pocatello,False
OMOPV5_0,county,No,0.0,0.0,0.0,DataQuest_Pocatello,793.0,05-22-2019,location,65.0,0.0,loct,health_system,True,DataQuest_Pocatello,False
OMOPV5_0,location_source_value,No,0.0,0.0,0.0,DataQuest_Pocatello,793.0,05-22-2019,location,65.0,3.0,loct,health_system,True,DataQuest_Pocatello,False
OMOPV5_0,care_site_id,Yes,0.0,0.0,0.0,DataQuest_Pocatello,0.0,05-22-2019,care_site,8.0,1.0,cars,health_system,True,DataQuest_Pocatello,True
OMOPV5_0,place_of_service_concept_id,No,0.0,0.0,0.0,DataQuest_Pocatello,0.0,05-22-2019,care_site,8.0,1.0,cars,health_system,True,DataQuest_Pocatello,False
OMOPV5_0,location_id,No,0.0,0.0,0.0,DataQuest_Pocatello,0.0,05-22-2019,care_site,8.0,1.0,cars,health_system,True,DataQuest_Pocatello,False
OMOPV5_0,care_site_source_value,No,0.0,0.0,0.0,DataQuest_Pocatello,0.0,05-22-2019,care_site,8.0,1.0,cars,health_system,True,DataQuest_Pocatello,False
OMOPV5_0,place_of_service_source_value,No,0.0,0.0,0.0,DataQuest_Pocatello,0.0,05-22-2019,care_site,8.0,0.0,cars,health_system,True,DataQuest_Pocatello,False
OMOPV5_0,provider_id,Yes,0.0,0.0,0.0,DataQuest_Pocatello,208.0,05-22-2019,provider,16.0,208.0,prvd,health_system,True,DataQuest_Pocatello,True
OMOPV5_0,npi,No,0.0,0.0,0.0,DataQuest_Pocatello,208.0,05-22-2019,provider,16.0,0.0,prvd,health_system,True,DataQuest_Pocatello,False
OMOPV5_0,dea,No,0.0,0.0,0.0,DataQuest_Pocatello,208.0,05-22-2019,provider,16.0,0.0,prvd,health_system,True,DataQuest_Pocatello,False
OMOPV5_0,specialty_concept_id,No,0.0,0.0,0.0,DataQuest_Pocatello,208.0,05-22-2019,provider,16.0,1.0,prvd,health_system,True,DataQuest_Pocatello,False
OMOPV5_0,care_site_id,No,0.0,0.0,0.0,DataQuest_Pocatello,208.0,05-22-2019,provider,16.0,0.0,prvd,health_system,True,DataQuest_Pocatello,False
OMOPV5_0,provider_source_value,No,0.0,0.0,0.0,DataQuest_Pocatello,208.0,05-22-2019,provider,16.0,208.0,prvd,health_system,True,DataQuest_Pocatello,False
OMOPV5_0,specialty_source_value,No,0.0,0.0,0.0,DataQuest_Pocatello,208.0,05-22-2019,provider,16.0,5.0,prvd,health_system,True,DataQuest_Pocatello,False
OMOPV5_0,payer_plan_period_id,Yes,0.0,0.0,0.0,DataQuest_Pocatello,0.0,05-22-2019,payer_plan_period,0.0,0.0,pppr,health_econ,True,DataQuest_Pocatello,True
OMOPV5_0,person_id,Yes,0.0,0.0,0.0,DataQuest_Pocatello,0.0,05-22-2019,payer_plan_period,0.0,0.0,pppr,health_econ,True,DataQuest_Pocatello,False
OMOPV5_0,payer_plan_period_start_date,Yes,0.0,0.0,0.0,DataQuest_Pocatello,0.0,05-22-2019,payer_plan_period,0.0,0.0,pppr,health_econ,True,DataQuest_Pocatello,False
OMOPV5_0,payer_plan_period_end_date,Yes,0.0,0.0,0.0,DataQuest_Pocatello,0.0,05-22-2019,payer_plan_period,0.0,0.0,pppr,health_econ,True,DataQuest_Pocatello,False
OMOPV5_0,payer_source_value,No,0.0,0.0,0.0,DataQuest_Pocatello,0.0,05-22-2019,payer_plan_period,0.0,0.0,pppr,health_econ,True,DataQuest_Pocatello,False
OMOPV5_0,plan_source_value,No,0.0,0.0,0.0,DataQuest_Pocatello,0.0,05-22-2019,payer_plan_period,0.0,0.0,pppr,health_econ,True,DataQuest_Pocatello,False
OMOPV5_0,family_source_value,No,0.0,0.0,0.0,DataQuest_Pocatello,0.0,05-22-2019,payer_plan_period,0.0,0.0,pppr,health_econ,True,DataQuest_Pocatello,False
OMOPV5_0,procedure_cost_id,Yes,0.0,0.0,0.0,DataQuest_Pocatello,0.0,05-22-2019,procedure_cost,0.0,0.0,prcc,health_econ,True,DataQuest_Pocatello,True
OMOPV5_0,procedure_occurrence_id,Yes,0.0,0.0,0.0,DataQuest_Pocatello,0.0,05-22-2019,procedure_cost,0.0,0.0,prcc,health_econ,True,DataQuest_Pocatello,False
OMOPV5_0,paid_copay,No,0.0,0.0,0.0,DataQuest_Pocatello,0.0,05-22-2019,procedure_cost,0.0,0.0,prcc,health_econ,True,DataQuest_Pocatello,False
OMOPV5_0,paid_coinsurance,No,0.0,0.0,0.0,DataQuest_Pocatello,0.0,05-22-2019,procedure_cost,0.0,0.0,prcc,health_econ,True,DataQuest_Pocatello,False
OMOPV5_0,paid_toward_deductible,No,0.0,0.0,0.0,DataQuest_Pocatello,0.0,05-22-2019,procedure_cost,0.0,0.0,prcc,health_econ,True,DataQuest_Pocatello,False
OMOPV5_0,paid_by_payer,No,0.0,0.0,0.0,DataQuest_Pocatello,0.0,05-22-2019,procedure_cost,0.0,0.0,prcc,health_econ,True,DataQuest_Pocatello,False
OMOPV5_0,paid_by_coordination_benefits,No,0.0,0.0,0.0,DataQuest_Pocatello,0.0,05-22-2019,procedure_cost,0.0,0.0,prcc,health_econ,True,DataQuest_Pocatello,False
OMOPV5_0,total_out_of_pocket,No,0.0,0.0,0.0,DataQuest_Pocatello,0.0,05-22-2019,procedure_cost,0.0,0.0,prcc,health_econ,True,DataQuest_Pocatello,False
OMOPV5_0,total_paid,No,0.0,0.0,0.0,DataQuest_Pocatello,0.0,05-22-2019,procedure_cost,0.0,0.0,prcc,health_econ,True,DataQuest_Pocatello,False
OMOPV5_0,revenue_code_concept_id,No,0.0,0.0,0.0,DataQuest_Pocatello,0.0,05-22-2019,procedure_cost,0.0,0.0,prcc,health_econ,True,DataQuest_Pocatello,False
OMOPV5_0,payer_plan_period_id,No,0.0,0.0,0.0,DataQuest_Pocatello,0.0,05-22-2019,procedure_cost,0.0,0.0,prcc,health_econ,True,DataQuest_Pocatello,False
OMOPV5_0,revenue_code_source_value,No,0.0,0.0,0.0,DataQuest_Pocatello,0.0,05-22-2019,procedure_cost,0.0,0.0,prcc,health_econ,True,DataQuest_Pocatello,False
OMOPV5_0,drug_cost_id,Yes,0.0,0.0,0.0,DataQuest_Pocatello,0.0,05-22-2019,drug_cost,0.0,0.0,drgc,health_econ,True,DataQuest_Pocatello,True
OMOPV5_0,drug_exposure_id,Yes,0.0,0.0,0.0,DataQuest_Pocatello,0.0,05-22-2019,drug_cost,0.0,0.0,drgc,health_econ,True,DataQuest_Pocatello,False
OMOPV5_0,paid_copay,No,0.0,0.0,0.0,DataQuest_Pocatello,0.0,05-22-2019,drug_cost,0.0,0.0,drgc,health_econ,True,DataQuest_Pocatello,False
OMOPV5_0,paid_coinsurance,No,0.0,0.0,0.0,DataQuest_Pocatello,0.0,05-22-2019,drug_cost,0.0,0.0,drgc,health_econ,True,DataQuest_Pocatello,False
OMOPV5_0,paid_toward_deductible,No,0.0,0.0,0.0,DataQuest_Pocatello,0.0,05-22-2019,drug_cost,0.0,0.0,drgc,health_econ,True,DataQuest_Pocatello,False
OMOPV5_0,paid_by_payer,No,0.0,0.0,0.0,DataQuest_Pocatello,0.0,05-22-2019,drug_cost,0.0,0.0,drgc,health_econ,True,DataQuest_Pocatello,False
OMOPV5_0,paid_by_coordination_benefits,No,0.0,0.0,0.0,DataQuest_Pocatello,0.0,05-22-2019,drug_cost,0.0,0.0,drgc,health_econ,True,DataQuest_Pocatello,False
OMOPV5_0,total_out_of_pocket,No,0.0,0.0,0.0,DataQuest_Pocatello,0.0,05-22-2019,drug_cost,0.0,0.0,drgc,health_econ,True,DataQuest_Pocatello,False
OMOPV5_0,total_paid,No,0.0,0.0,0.0,DataQuest_Pocatello,0.0,05-22-2019,drug_cost,0.0,0.0,drgc,health_econ,True,DataQuest_Pocatello,False
OMOPV5_0,ingredient_cost,No,0.0,0.0,0.0,DataQuest_Pocatello,0.0,05-22-2019,drug_cost,0.0,0.0,drgc,health_econ,True,DataQuest_Pocatello,False
OMOPV5_0,dispensing_fee,No,0.0,0.0,0.0,DataQuest_Pocatello,0.0,05-22-2019,drug_cost,0.0,0.0,drgc,health_econ,True,DataQuest_Pocatello,False
OMOPV5_0,average_wholesale_price,No,0.0,0.0,0.0,DataQuest_Pocatello,0.0,05-22-2019,drug_cost,0.0,0.0,drgc,health_econ,True,DataQuest_Pocatello,False
OMOPV5_0,payer_plan_period_id,No,0.0,0.0,0.0,DataQuest_Pocatello,0.0,05-22-2019,drug_cost,0.0,0.0,drgc,health_econ,True,DataQuest_Pocatello,False
OMOPV5_0,subject_id,Yes,0.0,0.0,0.0,DataQuest_Pocatello,0.0,05-22-2019,cohort,0.0,0.0,chrt,derived_element,True,DataQuest_Pocatello,False
OMOPV5_0,cohort_start_date,Yes,0.0,0.0,0.0,DataQuest_Pocatello,0.0,05-22-2019,cohort,0.0,0.0,chrt,derived_element,True,DataQuest_Pocatello,False
OMOPV5_0,cohort_end_date,Yes,0.0,0.0,0.0,DataQuest_Pocatello,0.0,05-22-2019,cohort,0.0,0.0,chrt,derived_element,True,DataQuest_Pocatello,False
OMOPV5_0,drug_era_id,Yes,0.0,0.0,0.0,DataQuest_Pocatello,0.0,05-22-2019,drug_era,0.0,0.0,drge,derived_element,True,DataQuest_Pocatello,True
OMOPV5_0,person_id,Yes,0.0,0.0,0.0,DataQuest_Pocatello,0.0,05-22-2019,drug_era,0.0,0.0,drge,derived_element,True,DataQuest_Pocatello,False
OMOPV5_0,drug_concept_id,Yes,0.0,0.0,0.0,DataQuest_Pocatello,0.0,05-22-2019,drug_era,0.0,0.0,drge,derived_element,True,DataQuest_Pocatello,False
OMOPV5_0,drug_era_start_date,Yes,0.0,0.0,0.0,DataQuest_Pocatello,0.0,05-22-2019,drug_era,0.0,0.0,drge,derived_element,True,DataQuest_Pocatello,False
OMOPV5_0,drug_era_end_date,Yes,0.0,0.0,0.0,DataQuest_Pocatello,0.0,05-22-2019,drug_era,0.0,0.0,drge,derived_element,True,DataQuest_Pocatello,False
OMOPV5_0,drug_exposure_count,No,0.0,0.0,0.0,DataQuest_Pocatello,0.0,05-22-2019,drug_era,0.0,0.0,drge,derived_element,True,DataQuest_Pocatello,False
OMOPV5_0,condition_era_id,Yes,0.0,0.0,0.0,DataQuest_Pocatello,0.0,05-22-2019,condition_era,0.0,0.0,cnde,derived_element,True,DataQuest_Pocatello,True
OMOPV5_0,person_id,Yes,0.0,0.0,0.0,DataQuest_Pocatello,0.0,05-22-2019,condition_era,0.0,0.0,cnde,derived_element,True,DataQuest_Pocatello,False
OMOPV5_0,condition_concept_id,Yes,0.0,0.0,0.0,DataQuest_Pocatello,0.0,05-22-2019,condition_era,0.0,0.0,cnde,derived_element,True,DataQuest_Pocatello,False
OMOPV5_0,condition_era_start_date,Yes,0.0,0.0,0.0,DataQuest_Pocatello,0.0,05-22-2019,condition_era,0.0,0.0,cnde,derived_element,True,DataQuest_Pocatello,False
OMOPV5_0,condition_era_end_date,Yes,0.0,0.0,0.0,DataQuest_Pocatello,0.0,05-22-2019,condition_era,0.0,0.0,cnde,derived_element,True,DataQuest_Pocatello,False
OMOPV5_0,condition_occurrence_count,No,0.0,0.0,0.0,DataQuest_Pocatello,0.0,05-22-2019,condition_era,0.0,0.0,cnde,derived_element,True,DataQuest_Pocatello,False
OMOPV5_0,concept_id,H,0.0,0.0,0.0,University of Washington,2852530.0,05-17-2019,concept,382792.0,2852530.0,cnpt,vocabulary,True,University of Washington,True
OMOPV5_0,concept_name,H,6181.0,6182.0,0.004,University of Washington,2852530.0,05-17-2019,concept,382792.0,2037071.0,cnpt,vocabulary,True,University of Washington,False
OMOPV5_0,domain_id,H,0.0,0.0,0.0,University of Washington,2852530.0,05-17-2019,concept,382792.0,36.0,cnpt,vocabulary,True,University of Washington,False
OMOPV5_0,vocabulary_id,H,0.0,0.0,0.0,University of Washington,2852530.0,05-17-2019,concept,382792.0,49.0,cnpt,vocabulary,True,University of Washington,False
OMOPV5_0,concept_class_id,H,0.0,0.0,0.0,University of Washington,2852530.0,05-17-2019,concept,382792.0,160.0,cnpt,vocabulary,True,University of Washington,False
OMOPV5_0,standard_concept,L,1430748.0,1430733.0,1.003,University of Washington,2852530.0,05-17-2019,concept,382792.0,3.0,cnpt,vocabulary,True,University of Washington,False
OMOPV5_0,concept_code,H,0.0,2.0,0.0,University of Washington,2852530.0,05-17-2019,concept,382792.0,2835127.0,cnpt,vocabulary,True,University of Washington,False
OMOPV5_0,valid_start_date,H,0.0,0.0,0.0,University of Washington,2852530.0,05-17-2019,concept,382792.0,7692.0,cnpt,vocabulary,True,University of Washington,False
OMOPV5_0,valid_end_date,H,0.0,0.0,0.0,University of Washington,2852530.0,05-17-2019,concept,382792.0,909.0,cnpt,vocabulary,True,University of Washington,False
OMOPV5_0,invalid_reason,L,2370426.0,2370348.0,1.662,University of Washington,2852530.0,05-17-2019,concept,382792.0,3.0,cnpt,vocabulary,True,University of Washington,False
OMOPV5_0,vocabulary_id,H,0.0,0.0,0.0,University of Washington,43.0,05-17-2019,vocabulary,72.0,43.0,vocb,vocabulary,True,University of Washington,True
OMOPV5_0,vocabulary_name,H,0.0,0.0,0.0,University of Washington,43.0,05-17-2019,vocabulary,72.0,43.0,vocb,vocabulary,True,University of Washington,False
OMOPV5_0,vocabulary_reference,H,0.0,0.0,0.0,University of Washington,43.0,05-17-2019,vocabulary,72.0,18.0,vocb,vocabulary,True,University of Washington,False
OMOPV5_0,vocabulary_version,H,21.0,21.0,0.977,University of Washington,43.0,05-17-2019,vocabulary,72.0,19.0,vocb,vocabulary,True,University of Washington,False
OMOPV5_0,vocabulary_concept_id,H,0.0,0.0,0.0,University of Washington,43.0,05-17-2019,vocabulary,72.0,43.0,vocb,vocabulary,True,University of Washington,False
OMOPV5_0,domain_id,H,0.0,0.0,0.0,University of Washington,0.0,05-17-2019,domain,0.0,0.0,domn,vocabulary,True,University of Washington,True
OMOPV5_0,domain_name,H,0.0,0.0,0.0,University of Washington,0.0,05-17-2019,domain,0.0,0.0,domn,vocabulary,True,University of Washington,False
OMOPV5_0,domain_concept_id,H,0.0,0.0,0.0,University of Washington,0.0,05-17-2019,domain,0.0,0.0,domn,vocabulary,True,University of Washington,False
OMOPV5_0,concept_class_id,H,0.0,0.0,0.0,University of Washington,296.0,05-17-2019,concept_class,72.0,296.0,cncl,vocabulary,True,University of Washington,True
OMOPV5_0,concept_class_name,H,0.0,0.0,0.0,University of Washington,296.0,05-17-2019,concept_class,72.0,295.0,cncl,vocabulary,True,University of Washington,False
OMOPV5_0,concept_class_concept_id,H,0.0,0.0,0.0,University of Washington,296.0,05-17-2019,concept_class,72.0,296.0,cncl,vocabulary,True,University of Washington,False
OMOPV5_0,concept_id_1,H,0.0,0.0,0.0,University of Washington,15367412.0,05-17-2019,concept_relationship,644752.0,2549308.0,cnrl,vocabulary,True,University of Washington,False
OMOPV5_0,concept_id_2,H,0.0,0.0,0.0,University of Washington,15367412.0,05-17-2019,concept_relationship,644752.0,2549308.0,cnrl,vocabulary,True,University of Washington,False
OMOPV5_0,relationship_id,H,0.0,0.0,0.0,University of Washington,15367412.0,05-17-2019,concept_relationship,644752.0,290.0,cnrl,vocabulary,True,University of Washington,False
OMOPV5_0,valid_start_date,H,0.0,0.0,0.0,University of Washington,15367412.0,05-17-2019,concept_relationship,644752.0,1514.0,cnrl,vocabulary,True,University of Washington,False
OMOPV5_0,valid_end_date,H,0.0,0.0,0.0,University of Washington,15367412.0,05-17-2019,concept_relationship,644752.0,1.0,cnrl,vocabulary,True,University of Washington,False
OMOPV5_0,invalid_reason,L,15367412.0,15367412.0,2.0,University of Washington,15367412.0,05-17-2019,concept_relationship,644752.0,1.0,cnrl,vocabulary,True,University of Washington,False
OMOPV5_0,relationship_id,H,0.0,0.0,0.0,University of Washington,404.0,05-17-2019,relationship,72.0,404.0,rlsh,vocabulary,True,University of Washington,True
OMOPV5_0,relationship_name,H,0.0,0.0,0.0,University of Washington,404.0,05-17-2019,relationship,72.0,404.0,rlsh,vocabulary,True,University of Washington,False
OMOPV5_0,is_hierarchical,H,0.0,0.0,0.0,University of Washington,404.0,05-17-2019,relationship,72.0,2.0,rlsh,vocabulary,True,University of Washington,False
OMOPV5_0,defines_ancestry,H,0.0,0.0,0.0,University of Washington,404.0,05-17-2019,relationship,72.0,2.0,rlsh,vocabulary,True,University of Washington,False
OMOPV5_0,reverse_relationship_id,H,0.0,0.0,0.0,University of Washington,404.0,05-17-2019,relationship,72.0,402.0,rlsh,vocabulary,True,University of Washington,False
OMOPV5_0,relationship_concept_id,H,0.0,0.0,0.0,University of Washington,404.0,05-17-2019,relationship,72.0,404.0,rlsh,vocabulary,True,University of Washington,False
OMOPV5_0,concept_id,H,0.0,0.0,0.0,University of Washington,4215618.0,05-17-2019,concept_synonym,356952.0,2852320.0,cnsy,vocabulary,True,University of Washington,False
OMOPV5_0,concept_synonym_name,H,0.0,2.0,0.0,University of Washington,4215618.0,05-17-2019,concept_synonym,356952.0,3075069.0,cnsy,vocabulary,True,University of Washington,False
OMOPV5_0,language_concept_id,H,0.0,0.0,0.0,University of Washington,4215618.0,05-17-2019,concept_synonym,356952.0,1.0,cnsy,vocabulary,True,University of Washington,False
OMOPV5_0,ancestor_concept_id,H,0.0,0.0,0.0,University of Washington,60322257.0,05-17-2019,concept_ancestor,1885080.0,1421711.0,cnan,vocabulary,True,University of Washington,False
OMOPV5_0,descendant_concept_id,H,0.0,0.0,0.0,University of Washington,60322257.0,05-17-2019,concept_ancestor,1885080.0,1421711.0,cnan,vocabulary,True,University of Washington,False
OMOPV5_0,min_levels_of_separation,H,0.0,0.0,0.0,University of Washington,60322257.0,05-17-2019,concept_ancestor,1885080.0,21.0,cnan,vocabulary,True,University of Washington,False
OMOPV5_0,max_levels_of_separation,H,0.0,0.0,0.0,University of Washington,60322257.0,05-17-2019,concept_ancestor,1885080.0,28.0,cnan,vocabulary,True,University of Washington,False
OMOPV5_0,source_code,Yes,0.0,0.0,0.0,University of Washington,0.0,05-17-2019,source_to_concept_map,0.0,0.0,stcm,vocabulary,True,University of Washington,False
OMOPV5_0,source_concept_id,Yes,0.0,0.0,0.0,University of Washington,0.0,05-17-2019,source_to_concept_map,0.0,0.0,stcm,vocabulary,True,University of Washington,False
OMOPV5_0,source_vocabulary_id,No,0.0,0.0,0.0,University of Washington,0.0,05-17-2019,source_to_concept_map,0.0,0.0,stcm,vocabulary,True,University of Washington,False
OMOPV5_0,source_code_description,Yes,0.0,0.0,0.0,University of Washington,0.0,05-17-2019,source_to_concept_map,0.0,0.0,stcm,vocabulary,True,University of Washington,False
OMOPV5_0,target_concept_id,Yes,0.0,0.0,0.0,University of Washington,0.0,05-17-2019,source_to_concept_map,0.0,0.0,stcm,vocabulary,True,University of Washington,False
OMOPV5_0,target_vocabulary_id,Yes,0.0,0.0,0.0,University of Washington,0.0,05-17-2019,source_to_concept_map,0.0,0.0,stcm,vocabulary,True,University of Washington,False
OMOPV5_0,valid_start_date,Yes,0.0,0.0,0.0,University of Washington,0.0,05-17-2019,source_to_concept_map,0.0,0.0,stcm,vocabulary,True,University of Washington,False
OMOPV5_0,valid_end_date,Yes,0.0,0.0,0.0,University of Washington,0.0,05-17-2019,source_to_concept_map,0.0,0.0,stcm,vocabulary,True,University of Washington,False
OMOPV5_0,invalid_reason,No,0.0,0.0,0.0,University of Washington,0.0,05-17-2019,source_to_concept_map,0.0,0.0,stcm,vocabulary,True,University of Washington,False
OMOPV5_0,drug_concept_id,Yes,0.0,0.0,0.0,University of Washington,786988.0,05-17-2019,drug_strength,50696.0,638609.0,drgs,vocabulary,True,University of Washington,False
OMOPV5_0,ingredient_concept_id,Yes,0.0,0.0,0.0,University of Washington,786988.0,05-17-2019,drug_strength,50696.0,5744.0,drgs,vocabulary,True,University of Washington,False
OMOPV5_0,amount_value,No,0.0,0.0,0.0,University of Washington,786988.0,05-17-2019,drug_strength,50696.0,2770.0,drgs,vocabulary,True,University of Washington,False
OMOPV5_0,amount_unit_concept_id,No,0.0,0.0,0.0,University of Washington,786988.0,05-17-2019,drug_strength,50696.0,25.0,drgs,vocabulary,True,University of Washington,False
OMOPV5_0,numerator_value,No,0.0,0.0,0.0,University of Washington,786988.0,05-17-2019,drug_strength,50696.0,10863.0,drgs,vocabulary,True,University of Washington,False
OMOPV5_0,numerator_unit_concept_id,No,0.0,0.0,0.0,University of Washington,786988.0,05-17-2019,drug_strength,50696.0,24.0,drgs,vocabulary,True,University of Washington,False
OMOPV5_0,denominator_unit_concept_id,No,0.0,0.0,0.0,University of Washington,786988.0,05-17-2019,drug_strength,50696.0,9.0,drgs,vocabulary,True,University of Washington,False
OMOPV5_0,valid_start_date,Yes,0.0,0.0,0.0,University of Washington,786988.0,05-17-2019,drug_strength,50696.0,108.0,drgs,vocabulary,True,University of Washington,False
OMOPV5_0,valid_end_date,Yes,0.0,0.0,0.0,University of Washington,786988.0,05-17-2019,drug_strength,50696.0,1.0,drgs,vocabulary,True,University of Washington,False
OMOPV5_0,invalid_reason,No,786988.0,786988.0,2.0,University of Washington,786988.0,05-17-2019,drug_strength,50696.0,1.0,drgs,vocabulary,True,University of Washington,False
OMOPV5_0,cohort_definition_id,Yes,0.0,0.0,0.0,University of Washington,0.0,05-17-2019,cohort_definition,0.0,0.0,cohd,vocabulary,True,University of Washington,True
OMOPV5_0,cohort_definition_name,Yes,0.0,0.0,0.0,University of Washington,0.0,05-17-2019,cohort_definition,0.0,0.0,cohd,vocabulary,True,University of Washington,False
OMOPV5_0,cohort_definition_description,No,0.0,0.0,0.0,University of Washington,0.0,05-17-2019,cohort_definition,0.0,0.0,cohd,vocabulary,True,University of Washington,False
OMOPV5_0,definition_type_concept_id,Yes,0.0,0.0,0.0,University of Washington,0.0,05-17-2019,cohort_definition,0.0,0.0,cohd,vocabulary,True,University of Washington,False
OMOPV5_0,cohort_definition_syntax,No,0.0,0.0,0.0,University of Washington,0.0,05-17-2019,cohort_definition,0.0,0.0,cohd,vocabulary,True,University of Washington,False
OMOPV5_0,subject_concept_id,Yes,0.0,0.0,0.0,University of Washington,0.0,05-17-2019,cohort_definition,0.0,0.0,cohd,vocabulary,True,University of Washington,False
OMOPV5_0,attribute_definition_id,Yes,0.0,0.0,0.0,University of Washington,0.0,05-17-2019,attribute_definition,0.0,0.0,atrd,vocabulary,True,University of Washington,True
OMOPV5_0,attribute_name,Yes,0.0,0.0,0.0,University of Washington,0.0,05-17-2019,attribute_definition,0.0,0.0,atrd,vocabulary,True,University of Washington,False
OMOPV5_0,attribute_description,No,0.0,0.0,0.0,University of Washington,0.0,05-17-2019,attribute_definition,0.0,0.0,atrd,vocabulary,True,University of Washington,False
OMOPV5_0,attribute_type_concept_id,Yes,0.0,0.0,0.0,University of Washington,0.0,05-17-2019,attribute_definition,0.0,0.0,atrd,vocabulary,True,University of Washington,False
OMOPV5_0,attribute_syntax,No,0.0,0.0,0.0,University of Washington,0.0,05-17-2019,attribute_definition,0.0,0.0,atrd,vocabulary,True,University of Washington,False
OMOPV5_0,cdm_source_name,Yes,0.0,0.0,0.0,University of Washington,0.0,05-17-2019,cdm_source,0.0,0.0,cdms,meta_data,True,University of Washington,False
OMOPV5_0,cdm_source_abbreviation,No,0.0,0.0,0.0,University of Washington,0.0,05-17-2019,cdm_source,0.0,0.0,cdms,meta_data,True,University of Washington,False
OMOPV5_0,cdm_holder,No,0.0,0.0,0.0,University of Washington,0.0,05-17-2019,cdm_source,0.0,0.0,cdms,meta_data,True,University of Washington,False
OMOPV5_0,source_description,No,0.0,0.0,0.0,University of Washington,0.0,05-17-2019,cdm_source,0.0,0.0,cdms,meta_data,True,University of Washington,False
OMOPV5_0,source_documentation_reference,No,0.0,0.0,0.0,University of Washington,0.0,05-17-2019,cdm_source,0.0,0.0,cdms,meta_data,True,University of Washington,False
OMOPV5_0,source_release_date,No,0.0,0.0,0.0,University of Washington,0.0,05-17-2019,cdm_source,0.0,0.0,cdms,meta_data,True,University of Washington,False
OMOPV5_0,cdm_release_date,No,0.0,0.0,0.0,University of Washington,0.0,05-17-2019,cdm_source,0.0,0.0,cdms,meta_data,True,University of Washington,False
OMOPV5_0,cdm_version,No,0.0,0.0,0.0,University of Washington,0.0,05-17-2019,cdm_source,0.0,0.0,cdms,meta_data,True,University of Washington,False
OMOPV5_0,vocabulary_version,No,0.0,0.0,0.0,University of Washington,0.0,05-17-2019,cdm_source,0.0,0.0,cdms,meta_data,True,University of Washington,False
OMOPV5_0,person_id,X,0.0,0.0,0.0,University of Washington,4876945.0,05-17-2019,person,562832.0,4876945.0,psrn,clinical,True,University of Washington,True
OMOPV5_0,gender_concept_id,Yes,0.0,0.0,0.0,University of Washington,4876945.0,05-17-2019,person,562832.0,3.0,psrn,clinical,True,University of Washington,False
OMOPV5_0,year_of_birth,Yes,58215.0,0.0,0.012,University of Washington,4876945.0,05-17-2019,person,562832.0,179.0,psrn,clinical,True,University of Washington,False
OMOPV5_0,month_of_birth,No,58215.0,0.0,0.012,University of Washington,4876945.0,05-17-2019,person,562832.0,12.0,psrn,clinical,True,University of Washington,False
OMOPV5_0,day_of_birth,No,58215.0,0.0,0.012,University of Washington,4876945.0,05-17-2019,person,562832.0,31.0,psrn,clinical,True,University of Washington,False
OMOPV5_0,race_concept_id,Yes,0.0,0.0,0.0,University of Washington,4876945.0,05-17-2019,person,562832.0,6.0,psrn,clinical,True,University of Washington,False
OMOPV5_0,ethnicity_concept_id,Yes,3647122.0,0.0,0.748,University of Washington,4876945.0,05-17-2019,person,562832.0,2.0,psrn,clinical,True,University of Washington,False
OMOPV5_0,location_id,No,0.0,0.0,0.0,University of Washington,4876945.0,05-17-2019,person,562832.0,4876945.0,psrn,clinical,True,University of Washington,False
OMOPV5_0,provider_id,No,3178106.0,0.0,0.652,University of Washington,4876945.0,05-17-2019,person,562832.0,31200.0,psrn,clinical,True,University of Washington,False
OMOPV5_0,care_site_id,No,1865389.0,0.0,0.382,University of Washington,4876945.0,05-17-2019,person,562832.0,695.0,psrn,clinical,True,University of Washington,False
OMOPV5_0,person_source_value,No,106647.0,0.0,0.022000000000000002,University of Washington,4876945.0,05-17-2019,person,562832.0,4770291.0,psrn,clinical,True,University of Washington,False
OMOPV5_0,gender_source_value,No,0.0,0.0,0.0,University of Washington,4876945.0,05-17-2019,person,562832.0,3.0,psrn,clinical,True,University of Washington,False
OMOPV5_0,gender_source_concept_id,No,0.0,0.0,0.0,University of Washington,4876945.0,05-17-2019,person,562832.0,1.0,psrn,clinical,True,University of Washington,False
OMOPV5_0,race_source_value,No,0.0,0.0,0.0,University of Washington,4876945.0,05-17-2019,person,562832.0,8.0,psrn,clinical,True,University of Washington,False
OMOPV5_0,race_source_concept_id,No,0.0,0.0,0.0,University of Washington,4876945.0,05-17-2019,person,562832.0,1.0,psrn,clinical,True,University of Washington,False
OMOPV5_0,ethnicity_source_value,No,0.0,0.0,0.0,University of Washington,4876945.0,05-17-2019,person,562832.0,3.0,psrn,clinical,True,University of Washington,False
OMOPV5_0,ethnicity_source_concept_id,No,0.0,0.0,0.0,University of Washington,4876945.0,05-17-2019,person,562832.0,1.0,psrn,clinical,True,University of Washington,False
OMOPV5_0,observation_period_id,Yes,0.0,0.0,0.0,University of Washington,1295502.0,05-17-2019,observation_period,34760.0,1295502.0,obsp,clinical,True,University of Washington,True
OMOPV5_0,person_id,Yes,0.0,0.0,0.0,University of Washington,1295502.0,05-17-2019,observation_period,34760.0,1295502.0,obsp,clinical,True,University of Washington,False
OMOPV5_0,observation_period_start_date,Yes,0.0,0.0,0.0,University of Washington,1295502.0,05-17-2019,observation_period,34760.0,4336.0,obsp,clinical,True,University of Washington,False
OMOPV5_0,observation_period_end_date,Yes,153081.0,0.0,0.11800000000000001,University of Washington,1295502.0,05-17-2019,observation_period,34760.0,4228.0,obsp,clinical,True,University of Washington,False
OMOPV5_0,period_type_concept_id,Yes,0.0,0.0,0.0,University of Washington,1295502.0,05-17-2019,observation_period,34760.0,1.0,obsp,clinical,True,University of Washington,False
OMOPV5_0,specimen_id,Yes,0.0,0.0,0.0,University of Washington,0.0,05-17-2019,specimen,0.0,0.0,spec,clinical,True,University of Washington,True
OMOPV5_0,person_id,Yes,0.0,0.0,0.0,University of Washington,0.0,05-17-2019,specimen,0.0,0.0,spec,clinical,True,University of Washington,False
OMOPV5_0,specimen_concept_id,Yes,0.0,0.0,0.0,University of Washington,0.0,05-17-2019,specimen,0.0,0.0,spec,clinical,True,University of Washington,False
OMOPV5_0,specimen_type_concept_id,Yes,0.0,0.0,0.0,University of Washington,0.0,05-17-2019,specimen,0.0,0.0,spec,clinical,True,University of Washington,False
OMOPV5_0,specimen_date,Yes,0.0,0.0,0.0,University of Washington,0.0,05-17-2019,specimen,0.0,0.0,spec,clinical,True,University of Washington,False
OMOPV5_0,quantity,No,0.0,0.0,0.0,University of Washington,0.0,05-17-2019,specimen,0.0,0.0,spec,clinical,True,University of Washington,False
OMOPV5_0,unit_concept_id,No,0.0,0.0,0.0,University of Washington,0.0,05-17-2019,specimen,0.0,0.0,spec,clinical,True,University of Washington,False
OMOPV5_0,anatomic_site_concept_id,No,0.0,0.0,0.0,University of Washington,0.0,05-17-2019,specimen,0.0,0.0,spec,clinical,True,University of Washington,False
OMOPV5_0,disease_status_concept_id,No,0.0,0.0,0.0,University of Washington,0.0,05-17-2019,specimen,0.0,0.0,spec,clinical,True,University of Washington,False
OMOPV5_0,specimen_source_id,No,0.0,0.0,0.0,University of Washington,0.0,05-17-2019,specimen,0.0,0.0,spec,clinical,True,University of Washington,False
OMOPV5_0,specimen_source_value,No,0.0,0.0,0.0,University of Washington,0.0,05-17-2019,specimen,0.0,0.0,spec,clinical,True,University of Washington,False
OMOPV5_0,unit_source_value,No,0.0,0.0,0.0,University of Washington,0.0,05-17-2019,specimen,0.0,0.0,spec,clinical,True,University of Washington,False
OMOPV5_0,anatomic_site_source_value,No,0.0,0.0,0.0,University of Washington,0.0,05-17-2019,specimen,0.0,0.0,spec,clinical,True,University of Washington,False
OMOPV5_0,disease_status_source_value,No,0.0,0.0,0.0,University of Washington,0.0,05-17-2019,specimen,0.0,0.0,spec,clinical,True,University of Washington,False
OMOPV5_0,person_id,Yes,0.0,0.0,0.0,University of Washington,38009.0,05-17-2019,death,1480.0,38009.0,deth,clinical,True,University of Washington,False
OMOPV5_0,death_date,Yes,0.0,0.0,0.0,University of Washington,38009.0,05-17-2019,death,1480.0,7504.0,deth,clinical,True,University of Washington,False
OMOPV5_0,death_type_concept_id,Yes,0.0,0.0,0.0,University of Washington,38009.0,05-17-2019,death,1480.0,1.0,deth,clinical,True,University of Washington,False
OMOPV5_0,cause_concept_id,No,38009.0,0.0,1.0,University of Washington,38009.0,05-17-2019,death,1480.0,0.0,deth,clinical,True,University of Washington,False
OMOPV5_0,cause_source_value,No,38009.0,0.0,1.0,University of Washington,38009.0,05-17-2019,death,1480.0,0.0,deth,clinical,True,University of Washington,False
OMOPV5_0,cause_source_concept_id,No,38009.0,0.0,1.0,University of Washington,38009.0,05-17-2019,death,1480.0,0.0,deth,clinical,True,University of Washington,False
OMOPV5_0,visit_occurrence_id,Yes,0.0,0.0,0.0,University of Washington,22119764.0,05-17-2019,visit_occurrence,3154904.0,22119764.0,vsto,clinical,True,University of Washington,True
OMOPV5_0,person_id,Yes,0.0,0.0,0.0,University of Washington,22119764.0,05-17-2019,visit_occurrence,3154904.0,1295502.0,vsto,clinical,True,University of Washington,False
OMOPV5_0,visit_concept_id,Yes,0.0,0.0,0.0,University of Washington,22119764.0,05-17-2019,visit_occurrence,3154904.0,3.0,vsto,clinical,True,University of Washington,False
OMOPV5_0,visit_start_date,Yes,0.0,0.0,0.0,University of Washington,22119764.0,05-17-2019,visit_occurrence,3154904.0,4430.0,vsto,clinical,True,University of Washington,False
OMOPV5_0,visit_end_date,Yes,12595409.0,0.0,0.569,University of Washington,22119764.0,05-17-2019,visit_occurrence,3154904.0,4247.0,vsto,clinical,True,University of Washington,False
OMOPV5_0,visit_type_concept_id,Yes,0.0,0.0,0.0,University of Washington,22119764.0,05-17-2019,visit_occurrence,3154904.0,1.0,vsto,clinical,True,University of Washington,False
OMOPV5_0,provider_id,No,21405452.0,0.0,0.968,University of Washington,22119764.0,05-17-2019,visit_occurrence,3154904.0,2718.0,vsto,clinical,True,University of Washington,False
OMOPV5_0,care_site_id,No,4663.0,0.0,0.0,University of Washington,22119764.0,05-17-2019,visit_occurrence,3154904.0,1375.0,vsto,clinical,True,University of Washington,False
OMOPV5_0,visit_source_value,No,0.0,0.0,0.0,University of Washington,22119764.0,05-17-2019,visit_occurrence,3154904.0,22119764.0,vsto,clinical,True,University of Washington,False
OMOPV5_0,visit_source_concept_id,No,0.0,0.0,0.0,University of Washington,22119764.0,05-17-2019,visit_occurrence,3154904.0,1.0,vsto,clinical,True,University of Washington,False
OMOPV5_0,procedure_occurrence_id,Yes,0.0,0.0,0.0,University of Washington,33211750.0,05-17-2019,procedure_occurrence,2350616.0,33211750.0,prco,clinical,True,University of Washington,True
OMOPV5_0,person_id,Yes,0.0,0.0,0.0,University of Washington,33211750.0,05-17-2019,procedure_occurrence,2350616.0,764364.0,prco,clinical,True,University of Washington,False
OMOPV5_0,procedure_concept_id,Yes,0.0,0.0,0.0,University of Washington,33211750.0,05-17-2019,procedure_occurrence,2350616.0,6037.0,prco,clinical,True,University of Washington,False
OMOPV5_0,procedure_date,Yes,0.0,0.0,0.0,University of Washington,33211750.0,05-17-2019,procedure_occurrence,2350616.0,3335.0,prco,clinical,True,University of Washington,False
OMOPV5_0,procedure_type_concept_id,Yes,0.0,0.0,0.0,University of Washington,33211750.0,05-17-2019,procedure_occurrence,2350616.0,1.0,prco,clinical,True,University of Washington,False
OMOPV5_0,modifier_concept_id,No,33211750.0,0.0,1.0,University of Washington,33211750.0,05-17-2019,procedure_occurrence,2350616.0,0.0,prco,clinical,True,University of Washington,False
OMOPV5_0,quantity,No,33211750.0,0.0,1.0,University of Washington,33211750.0,05-17-2019,procedure_occurrence,2350616.0,0.0,prco,clinical,True,University of Washington,False
OMOPV5_0,provider_id,No,26863647.0,0.0,0.809,University of Washington,33211750.0,05-17-2019,procedure_occurrence,2350616.0,5559.0,prco,clinical,True,University of Washington,False
OMOPV5_0,visit_occurrence_id,No,0.0,0.0,0.0,University of Washington,33211750.0,05-17-2019,procedure_occurrence,2350616.0,4110247.0,prco,clinical,True,University of Washington,False
OMOPV5_0,procedure_source_value,No,0.0,0.0,0.0,University of Washington,33211750.0,05-17-2019,procedure_occurrence,2350616.0,6037.0,prco,clinical,True,University of Washington,False
OMOPV5_0,procedure_source_concept_id,No,0.0,0.0,0.0,University of Washington,33211750.0,05-17-2019,procedure_occurrence,2350616.0,1.0,prco,clinical,True,University of Washington,False
OMOPV5_0,drug_exposure_id,Yes,0.0,0.0,0.0,University of Washington,5454315.0,05-17-2019,drug_exposure,676248.0,5454315.0,drge,clinical,True,University of Washington,True
OMOPV5_0,person_id,Yes,0.0,0.0,0.0,University of Washington,5454315.0,05-17-2019,drug_exposure,676248.0,856351.0,drge,clinical,True,University of Washington,False
OMOPV5_0,drug_concept_id,Yes,0.0,0.0,0.0,University of Washington,5454315.0,05-17-2019,drug_exposure,676248.0,8375.0,drge,clinical,True,University of Washington,False
OMOPV5_0,drug_exposure_start_date,Yes,0.0,0.0,0.0,University of Washington,5454315.0,05-17-2019,drug_exposure,676248.0,4434.0,drge,clinical,True,University of Washington,False
OMOPV5_0,drug_exposure_end_date,No,5202040.0,0.0,0.9540000000000001,University of Washington,5454315.0,05-17-2019,drug_exposure,676248.0,3897.0,drge,clinical,True,University of Washington,False
OMOPV5_0,drug_type_concept_id,Yes,0.0,0.0,0.0,University of Washington,5454315.0,05-17-2019,drug_exposure,676248.0,2.0,drge,clinical,True,University of Washington,False
OMOPV5_0,stop_reason,No,3582142.0,771182.0,0.7979999999999999,University of Washington,5454315.0,05-17-2019,drug_exposure,676248.0,5.0,drge,clinical,True,University of Washington,False
OMOPV5_0,refills,No,4631721.0,0.0,0.8490000000000001,University of Washington,5454315.0,05-17-2019,drug_exposure,676248.0,50.0,drge,clinical,True,University of Washington,False
OMOPV5_0,quantity,No,3504020.0,0.0,0.642,University of Washington,5454315.0,05-17-2019,drug_exposure,676248.0,787.0,drge,clinical,True,University of Washington,False
OMOPV5_0,days_supply,No,5454315.0,0.0,1.0,University of Washington,5454315.0,05-17-2019,drug_exposure,676248.0,0.0,drge,clinical,True,University of Washington,False
OMOPV5_0,sig,No,5454315.0,0.0,1.0,University of Washington,5454315.0,05-17-2019,drug_exposure,676248.0,0.0,drge,clinical,True,University of Washington,False
OMOPV5_0,route_concept_id,No,5454315.0,0.0,1.0,University of Washington,5454315.0,05-17-2019,drug_exposure,676248.0,0.0,drge,clinical,True,University of Washington,False
OMOPV5_0,lot_number,No,5454315.0,0.0,1.0,University of Washington,5454315.0,05-17-2019,drug_exposure,676248.0,0.0,drge,clinical,True,University of Washington,False
OMOPV5_0,provider_id,No,4801063.0,0.0,0.88,University of Washington,5454315.0,05-17-2019,drug_exposure,676248.0,5358.0,drge,clinical,True,University of Washington,False
OMOPV5_0,visit_occurrence_id,No,3036460.0,0.0,0.557,University of Washington,5454315.0,05-17-2019,drug_exposure,676248.0,1076416.0,drge,clinical,True,University of Washington,False
OMOPV5_0,drug_source_value,No,0.0,0.0,0.0,University of Washington,5454315.0,05-17-2019,drug_exposure,676248.0,5452759.0,drge,clinical,True,University of Washington,False
OMOPV5_0,drug_source_concept_id,No,0.0,0.0,0.0,University of Washington,5454315.0,05-17-2019,drug_exposure,676248.0,2.0,drge,clinical,True,University of Washington,False
OMOPV5_0,route_source_value,No,1049787.0,0.0,0.192,University of Washington,5454315.0,05-17-2019,drug_exposure,676248.0,184.0,drge,clinical,True,University of Washington,False
OMOPV5_0,dose_unit_source_value,No,4300563.0,203.0,0.789,University of Washington,5454315.0,05-17-2019,drug_exposure,676248.0,173.0,drge,clinical,True,University of Washington,False
OMOPV5_0,device_exposure_id,Yes,0.0,0.0,0.0,University of Washington,0.0,05-17-2019,device_exposure,0.0,0.0,dvce,clinical,True,University of Washington,True
OMOPV5_0,person_id,Yes,0.0,0.0,0.0,University of Washington,0.0,05-17-2019,device_exposure,0.0,0.0,dvce,clinical,True,University of Washington,False
OMOPV5_0,device_concept_id,Yes,0.0,0.0,0.0,University of Washington,0.0,05-17-2019,device_exposure,0.0,0.0,dvce,clinical,True,University of Washington,False
OMOPV5_0,device_exposure_start_date,Yes,0.0,0.0,0.0,University of Washington,0.0,05-17-2019,device_exposure,0.0,0.0,dvce,clinical,True,University of Washington,False
OMOPV5_0,device_exposure_end_date,No,0.0,0.0,0.0,University of Washington,0.0,05-17-2019,device_exposure,0.0,0.0,dvce,clinical,True,University of Washington,False
OMOPV5_0,device_type_concept_id,Yes,0.0,0.0,0.0,University of Washington,0.0,05-17-2019,device_exposure,0.0,0.0,dvce,clinical,True,University of Washington,False
OMOPV5_0,unique_device_id,No,0.0,0.0,0.0,University of Washington,0.0,05-17-2019,device_exposure,0.0,0.0,dvce,clinical,True,University of Washington,False
OMOPV5_0,quantity,No,0.0,0.0,0.0,University of Washington,0.0,05-17-2019,device_exposure,0.0,0.0,dvce,clinical,True,University of Washington,False
OMOPV5_0,provider_id,No,0.0,0.0,0.0,University of Washington,0.0,05-17-2019,device_exposure,0.0,0.0,dvce,clinical,True,University of Washington,False
OMOPV5_0,visit_occurrence_id,No,0.0,0.0,0.0,University of Washington,0.0,05-17-2019,device_exposure,0.0,0.0,dvce,clinical,True,University of Washington,False
OMOPV5_0,device_source_value,No,0.0,0.0,0.0,University of Washington,0.0,05-17-2019,device_exposure,0.0,0.0,dvce,clinical,True,University of Washington,False
OMOPV5_0,condition_occurrence_id,Yes,0.0,0.0,0.0,University of Washington,48430792.0,05-17-2019,condition_occurrence,4393088.0,48430792.0,cndo,clinical,True,University of Washington,True
OMOPV5_0,person_id,Yes,0.0,0.0,0.0,University of Washington,48430792.0,05-17-2019,condition_occurrence,4393088.0,1024553.0,cndo,clinical,True,University of Washington,False
OMOPV5_0,condition_concept_id,Yes,0.0,0.0,0.0,University of Washington,48430792.0,05-17-2019,condition_occurrence,4393088.0,44580.0,cndo,clinical,True,University of Washington,False
OMOPV5_0,condition_start_date,Yes,0.0,0.0,0.0,University of Washington,48430792.0,05-17-2019,condition_occurrence,4393088.0,3131.0,cndo,clinical,True,University of Washington,False
OMOPV5_0,condition_end_date,No,48430792.0,0.0,1.0,University of Washington,48430792.0,05-17-2019,condition_occurrence,4393088.0,0.0,cndo,clinical,True,University of Washington,False
OMOPV5_0,condition_type_concept_id,Yes,0.0,0.0,0.0,University of Washington,48430792.0,05-17-2019,condition_occurrence,4393088.0,30.0,cndo,clinical,True,University of Washington,False
OMOPV5_0,stop_reason,No,48430792.0,0.0,1.0,University of Washington,48430792.0,05-17-2019,condition_occurrence,4393088.0,0.0,cndo,clinical,True,University of Washington,False
OMOPV5_0,provider_id,No,48430792.0,0.0,1.0,University of Washington,48430792.0,05-17-2019,condition_occurrence,4393088.0,0.0,cndo,clinical,True,University of Washington,False
OMOPV5_0,visit_occurrence_id,No,29043156.0,0.0,0.6,University of Washington,48430792.0,05-17-2019,condition_occurrence,4393088.0,5447607.0,cndo,clinical,True,University of Washington,False
OMOPV5_0,condition_source_value,No,0.0,0.0,0.0,University of Washington,48430792.0,05-17-2019,condition_occurrence,4393088.0,44580.0,cndo,clinical,True,University of Washington,False
OMOPV5_0,condition_source_concept_id,No,0.0,0.0,0.0,University of Washington,48430792.0,05-17-2019,condition_occurrence,4393088.0,1.0,cndo,clinical,True,University of Washington,False
OMOPV5_0,measurement_id,Yes,0.0,0.0,0.0,University of Washington,221430904.0,05-17-2019,measurement,32191080.0,221430904.0,msrm,clinical,True,University of Washington,True
OMOPV5_0,person_id,Yes,0.0,0.0,0.0,University of Washington,221430904.0,05-17-2019,measurement,32191080.0,1115735.0,msrm,clinical,True,University of Washington,False
OMOPV5_0,measurement_concept_id,Yes,0.0,0.0,0.0,University of Washington,221430904.0,05-17-2019,measurement,32191080.0,816.0,msrm,clinical,True,University of Washington,False
OMOPV5_0,measurement_date,Yes,0.0,0.0,0.0,University of Washington,221430904.0,05-17-2019,measurement,32191080.0,4429.0,msrm,clinical,True,University of Washington,False
OMOPV5_0,measurement_time,No,0.0,0.0,0.0,University of Washington,221430904.0,05-17-2019,measurement,32191080.0,50456.0,msrm,clinical,True,University of Washington,False
OMOPV5_0,measurement_type_concept_id,Yes,0.0,0.0,0.0,University of Washington,221430904.0,05-17-2019,measurement,32191080.0,3.0,msrm,clinical,True,University of Washington,False
OMOPV5_0,operator_concept_id,No,221430904.0,0.0,1.0,University of Washington,221430904.0,05-17-2019,measurement,32191080.0,0.0,msrm,clinical,True,University of Washington,False
OMOPV5_0,value_as_number,No,825982.0,0.0,0.004,University of Washington,221430904.0,05-17-2019,measurement,32191080.0,17197.0,msrm,clinical,True,University of Washington,False
OMOPV5_0,value_as_concept_id,No,221430904.0,0.0,1.0,University of Washington,221430904.0,05-17-2019,measurement,32191080.0,0.0,msrm,clinical,True,University of Washington,False
OMOPV5_0,unit_concept_id,No,0.0,0.0,0.0,University of Washington,221430904.0,05-17-2019,measurement,32191080.0,91.0,msrm,clinical,True,University of Washington,False
OMOPV5_0,range_low,No,154546347.0,0.0,0.698,University of Washington,221430904.0,05-17-2019,measurement,32191080.0,441.0,msrm,clinical,True,University of Washington,False
OMOPV5_0,range_high,No,154446936.0,0.0,0.6970000000000001,University of Washington,221430904.0,05-17-2019,measurement,32191080.0,706.0,msrm,clinical,True,University of Washington,False
OMOPV5_0,provider_id,No,146622962.0,0.0,0.662,University of Washington,221430904.0,05-17-2019,measurement,32191080.0,9203.0,msrm,clinical,True,University of Washington,False
OMOPV5_0,visit_occurrence_id,No,0.0,0.0,0.0,University of Washington,221430904.0,05-17-2019,measurement,32191080.0,13364644.0,msrm,clinical,True,University of Washington,False
OMOPV5_0,measurement_source_value,No,0.0,0.0,0.0,University of Washington,221430904.0,05-17-2019,measurement,32191080.0,27906170.0,msrm,clinical,True,University of Washington,False
OMOPV5_0,measurement_source_concept_id,No,0.0,0.0,0.0,University of Washington,221430904.0,05-17-2019,measurement,32191080.0,3.0,msrm,clinical,True,University of Washington,False
OMOPV5_0,unit_source_value,No,130663657.0,19971227.0,0.68,University of Washington,221430904.0,05-17-2019,measurement,32191080.0,86.0,msrm,clinical,True,University of Washington,False
OMOPV5_0,value_source_value,No,89161461.0,29291.0,0.40299999999999997,University of Washington,221430904.0,05-17-2019,measurement,32191080.0,690.0,msrm,clinical,True,University of Washington,False
OMOPV5_0,observation_id,Yes,0.0,0.0,0.0,University of Washington,9945345.0,05-17-2019,observation,1013968.0,4718468.0,obsr,clinical,True,University of Washington,True
OMOPV5_0,person_id,Yes,0.0,0.0,0.0,University of Washington,9945345.0,05-17-2019,observation,1013968.0,391239.0,obsr,clinical,True,University of Washington,False
OMOPV5_0,observation_concept_id,Yes,0.0,0.0,0.0,University of Washington,9945345.0,05-17-2019,observation,1013968.0,3.0,obsr,clinical,True,University of Washington,False
OMOPV5_0,observation_date,Yes,0.0,0.0,0.0,University of Washington,9945345.0,05-17-2019,observation,1013968.0,4378.0,obsr,clinical,True,University of Washington,False
OMOPV5_0,observation_type_concept_id,Yes,0.0,0.0,0.0,University of Washington,9945345.0,05-17-2019,observation,1013968.0,2.0,obsr,clinical,True,University of Washington,False
OMOPV5_0,value_as_number,No,9944965.0,0.0,1.0,University of Washington,9945345.0,05-17-2019,observation,1013968.0,1.0,obsr,clinical,True,University of Washington,False
OMOPV5_0,value_as_string,No,380.0,380.0,0.0,University of Washington,9945345.0,05-17-2019,observation,1013968.0,382.0,obsr,clinical,True,University of Washington,False
OMOPV5_0,value_as_concept_id,No,5791382.0,0.0,0.5820000000000001,University of Washington,9945345.0,05-17-2019,observation,1013968.0,3.0,obsr,clinical,True,University of Washington,False
OMOPV5_0,qualifier_concept_id,No,9945345.0,0.0,1.0,University of Washington,9945345.0,05-17-2019,observation,1013968.0,0.0,obsr,clinical,True,University of Washington,False
OMOPV5_0,unit_concept_id,No,1991406.0,0.0,0.2,University of Washington,9945345.0,05-17-2019,observation,1013968.0,2.0,obsr,clinical,True,University of Washington,False
OMOPV5_0,provider_id,No,2231066.0,0.0,0.22399999999999998,University of Washington,9945345.0,05-17-2019,observation,1013968.0,4589.0,obsr,clinical,True,University of Washington,False
OMOPV5_0,visit_occurrence_id,No,9942852.0,0.0,1.0,University of Washington,9945345.0,05-17-2019,observation,1013968.0,2353.0,obsr,clinical,True,University of Washington,False
OMOPV5_0,observation_source_value,No,0.0,0.0,0.0,University of Washington,9945345.0,05-17-2019,observation,1013968.0,1161102.0,obsr,clinical,True,University of Washington,False
OMOPV5_0,observation_source_concept_id,No,0.0,0.0,0.0,University of Washington,9945345.0,05-17-2019,observation,1013968.0,3.0,obsr,clinical,True,University of Washington,False
OMOPV5_0,unit_source_value,No,9945345.0,0.0,1.0,University of Washington,9945345.0,05-17-2019,observation,1013968.0,0.0,obsr,clinical,True,University of Washington,False
OMOPV5_0,qualifier_source_value,No,7953939.0,380.0,0.8,University of Washington,9945345.0,05-17-2019,observation,1013968.0,525.0,obsr,clinical,True,University of Washington,False
OMOPV5_0,fact_id_1,Yes,0.0,0.0,0.0,University of Washington,3416.0,05-17-2019,fact_relationship,136.0,1713.0,fctr,clinical,True,University of Washington,False
OMOPV5_0,domain_concept_id_2,Yes,0.0,0.0,0.0,University of Washington,3416.0,05-17-2019,fact_relationship,136.0,1.0,fctr,clinical,True,University of Washington,False
OMOPV5_0,fact_id_2,Yes,0.0,0.0,0.0,University of Washington,3416.0,05-17-2019,fact_relationship,136.0,1713.0,fctr,clinical,True,University of Washington,False
OMOPV5_0,relationship_concept_id,Yes,0.0,0.0,0.0,University of Washington,3416.0,05-17-2019,fact_relationship,136.0,2.0,fctr,clinical,True,University of Washington,False
OMOPV5_0,location_id,Yes,0.0,0.0,0.0,University of Washington,4879294.0,05-17-2019,location,409744.0,4879294.0,loct,health_system,True,University of Washington,True
OMOPV5_0,address_1,No,1460009.0,870.0,0.299,University of Washington,4879294.0,05-17-2019,location,409744.0,1929803.0,loct,health_system,True,University of Washington,False
OMOPV5_0,address_2,No,4181913.0,5539.0,0.858,University of Washington,4879294.0,05-17-2019,location,409744.0,131662.0,loct,health_system,True,University of Washington,False
OMOPV5_0,city,No,1461179.0,136.0,0.299,University of Washington,4879294.0,05-17-2019,location,409744.0,21714.0,loct,health_system,True,University of Washington,False
OMOPV5_0,state,No,1464612.0,27.0,0.3,University of Washington,4879294.0,05-17-2019,location,409744.0,166.0,loct,health_system,True,University of Washington,False
OMOPV5_0,zip,No,1461455.0,10.0,0.3,University of Washington,4879294.0,05-17-2019,location,409744.0,103059.0,loct,health_system,True,University of Washington,False
OMOPV5_0,county,No,2877095.0,44.0,0.59,University of Washington,4879294.0,05-17-2019,location,409744.0,1414.0,loct,health_system,True,University of Washington,False
OMOPV5_0,location_source_value,No,0.0,0.0,0.0,University of Washington,4879294.0,05-17-2019,location,409744.0,16.0,loct,health_system,True,University of Washington,False
OMOPV5_0,care_site_id,Yes,0.0,0.0,0.0,University of Washington,3164.0,05-17-2019,care_site,264.0,3164.0,cars,health_system,True,University of Washington,True
OMOPV5_0,care_site_name,No,0.0,0.0,0.0,University of Washington,3164.0,05-17-2019,care_site,264.0,3130.0,cars,health_system,True,University of Washington,False
OMOPV5_0,place_of_service_concept_id,No,0.0,0.0,0.0,University of Washington,3164.0,05-17-2019,care_site,264.0,2.0,cars,health_system,True,University of Washington,False
OMOPV5_0,location_id,No,0.0,0.0,0.0,University of Washington,3164.0,05-17-2019,care_site,264.0,3151.0,cars,health_system,True,University of Washington,False
OMOPV5_0,care_site_source_value,No,0.0,0.0,0.0,University of Washington,3164.0,05-17-2019,care_site,264.0,3164.0,cars,health_system,True,University of Washington,False
OMOPV5_0,place_of_service_source_value,No,0.0,0.0,0.0,University of Washington,3164.0,05-17-2019,care_site,264.0,3130.0,cars,health_system,True,University of Washington,False
OMOPV5_0,provider_id,Yes,0.0,0.0,0.0,University of Washington,236990.0,05-17-2019,provider,20616.0,236990.0,prvd,health_system,True,University of Washington,True
OMOPV5_0,provider_name,No,103953.0,0.0,0.439,University of Washington,236990.0,05-17-2019,provider,20616.0,132657.0,prvd,health_system,True,University of Washington,False
OMOPV5_0,specialty_concept_id,No,236990.0,0.0,1.0,University of Washington,236990.0,05-17-2019,provider,20616.0,0.0,prvd,health_system,True,University of Washington,False
OMOPV5_0,care_site_id,No,236990.0,0.0,1.0,University of Washington,236990.0,05-17-2019,provider,20616.0,0.0,prvd,health_system,True,University of Washington,False
OMOPV5_0,year_of_birth,No,236990.0,0.0,1.0,University of Washington,236990.0,05-17-2019,provider,20616.0,0.0,prvd,health_system,True,University of Washington,False
OMOPV5_0,gender_concept_id,No,236990.0,0.0,1.0,University of Washington,236990.0,05-17-2019,provider,20616.0,0.0,prvd,health_system,True,University of Washington,False
OMOPV5_0,provider_source_value,No,0.0,0.0,0.0,University of Washington,236990.0,05-17-2019,provider,20616.0,236990.0,prvd,health_system,True,University of Washington,False
OMOPV5_0,specialty_source_value,No,111803.0,1.0,0.47200000000000003,University of Washington,236990.0,05-17-2019,provider,20616.0,487.0,prvd,health_system,True,University of Washington,False
OMOPV5_0,specialty_source_concept_id,No,0.0,0.0,0.0,University of Washington,236990.0,05-17-2019,provider,20616.0,1.0,prvd,health_system,True,University of Washington,False
OMOPV5_0,gender_source_value,No,236990.0,0.0,1.0,University of Washington,236990.0,05-17-2019,provider,20616.0,0.0,prvd,health_system,True,University of Washington,False
OMOPV5_0,gender_source_concept_id,No,236990.0,0.0,1.0,University of Washington,236990.0,05-17-2019,provider,20616.0,0.0,prvd,health_system,True,University of Washington,False
OMOPV5_0,payer_plan_period_id,Yes,0.0,0.0,0.0,University of Washington,0.0,05-17-2019,payer_plan_period,0.0,0.0,pppr,health_econ,True,University of Washington,True
OMOPV5_0,person_id,Yes,0.0,0.0,0.0,University of Washington,0.0,05-17-2019,payer_plan_period,0.0,0.0,pppr,health_econ,True,University of Washington,False
OMOPV5_0,payer_plan_period_start_date,Yes,0.0,0.0,0.0,University of Washington,0.0,05-17-2019,payer_plan_period,0.0,0.0,pppr,health_econ,True,University of Washington,False
OMOPV5_0,payer_plan_period_end_date,Yes,0.0,0.0,0.0,University of Washington,0.0,05-17-2019,payer_plan_period,0.0,0.0,pppr,health_econ,True,University of Washington,False
OMOPV5_0,payer_source_value,No,0.0,0.0,0.0,University of Washington,0.0,05-17-2019,payer_plan_period,0.0,0.0,pppr,health_econ,True,University of Washington,False
OMOPV5_0,plan_source_value,No,0.0,0.0,0.0,University of Washington,0.0,05-17-2019,payer_plan_period,0.0,0.0,pppr,health_econ,True,University of Washington,False
OMOPV5_0,family_source_value,No,0.0,0.0,0.0,University of Washington,0.0,05-17-2019,payer_plan_period,0.0,0.0,pppr,health_econ,True,University of Washington,False
OMOPV5_0,cohort_definition_id,Yes,0.0,0.0,0.0,University of Washington,0.0,05-17-2019,cohort,0.0,0.0,chrt,derived_element,True,University of Washington,False
OMOPV5_0,subject_id,Yes,0.0,0.0,0.0,University of Washington,0.0,05-17-2019,cohort,0.0,0.0,chrt,derived_element,True,University of Washington,False
OMOPV5_0,cohort_start_date,Yes,0.0,0.0,0.0,University of Washington,0.0,05-17-2019,cohort,0.0,0.0,chrt,derived_element,True,University of Washington,False
OMOPV5_0,cohort_end_date,Yes,0.0,0.0,0.0,University of Washington,0.0,05-17-2019,cohort,0.0,0.0,chrt,derived_element,True,University of Washington,False
OMOPV5_0,cohort_definition_id,Yes,0.0,0.0,0.0,University of Washington,0.0,05-17-2019,cohort_attribute,0.0,0.0,chra,derived_element,True,University of Washington,False
OMOPV5_0,subject_id,Yes,0.0,0.0,0.0,University of Washington,0.0,05-17-2019,cohort_attribute,0.0,0.0,chra,derived_element,True,University of Washington,False
OMOPV5_0,cohort_start_date,Yes,0.0,0.0,0.0,University of Washington,0.0,05-17-2019,cohort_attribute,0.0,0.0,chra,derived_element,True,University of Washington,False
OMOPV5_0,cohort_end_date,Yes,0.0,0.0,0.0,University of Washington,0.0,05-17-2019,cohort_attribute,0.0,0.0,chra,derived_element,True,University of Washington,False
OMOPV5_0,attribute_definition_id,Yes,0.0,0.0,0.0,University of Washington,0.0,05-17-2019,cohort_attribute,0.0,0.0,chra,derived_element,True,University of Washington,False
OMOPV5_0,value_as_number,No,0.0,0.0,0.0,University of Washington,0.0,05-17-2019,cohort_attribute,0.0,0.0,chra,derived_element,True,University of Washington,False
OMOPV5_0,value_as_concept_id,No,0.0,0.0,0.0,University of Washington,0.0,05-17-2019,cohort_attribute,0.0,0.0,chra,derived_element,True,University of Washington,False
OMOPV5_0,drug_era_id,Yes,0.0,0.0,0.0,University of Washington,0.0,05-17-2019,drug_era,0.0,0.0,drge,derived_element,True,University of Washington,True
OMOPV5_0,person_id,Yes,0.0,0.0,0.0,University of Washington,0.0,05-17-2019,drug_era,0.0,0.0,drge,derived_element,True,University of Washington,False
OMOPV5_0,drug_concept_id,Yes,0.0,0.0,0.0,University of Washington,0.0,05-17-2019,drug_era,0.0,0.0,drge,derived_element,True,University of Washington,False
OMOPV5_0,drug_era_start_date,Yes,0.0,0.0,0.0,University of Washington,0.0,05-17-2019,drug_era,0.0,0.0,drge,derived_element,True,University of Washington,False
OMOPV5_0,drug_era_end_date,Yes,0.0,0.0,0.0,University of Washington,0.0,05-17-2019,drug_era,0.0,0.0,drge,derived_element,True,University of Washington,False
OMOPV5_0,drug_exposure_count,No,0.0,0.0,0.0,University of Washington,0.0,05-17-2019,drug_era,0.0,0.0,drge,derived_element,True,University of Washington,False
OMOPV5_0,gap_days,No,0.0,0.0,0.0,University of Washington,0.0,05-17-2019,drug_era,0.0,0.0,drge,derived_element,True,University of Washington,False
OMOPV5_0,dose_era_id,Yes,0.0,0.0,0.0,University of Washington,0.0,05-17-2019,dose_era,0.0,0.0,dose,derived_element,True,University of Washington,False
OMOPV5_0,person_id,Yes,0.0,0.0,0.0,University of Washington,0.0,05-17-2019,dose_era,0.0,0.0,dose,derived_element,True,University of Washington,False
OMOPV5_0,drug_concept_id,Yes,0.0,0.0,0.0,University of Washington,0.0,05-17-2019,dose_era,0.0,0.0,dose,derived_element,True,University of Washington,False
OMOPV5_0,unit_concept_id,Yes,0.0,0.0,0.0,University of Washington,0.0,05-17-2019,dose_era,0.0,0.0,dose,derived_element,True,University of Washington,False
OMOPV5_0,dose_value,Yes,0.0,0.0,0.0,University of Washington,0.0,05-17-2019,dose_era,0.0,0.0,dose,derived_element,True,University of Washington,False
OMOPV5_0,dose_era_start_date,Yes,0.0,0.0,0.0,University of Washington,0.0,05-17-2019,dose_era,0.0,0.0,dose,derived_element,True,University of Washington,False
OMOPV5_0,dose_era_end_date,Yes,0.0,0.0,0.0,University of Washington,0.0,05-17-2019,dose_era,0.0,0.0,dose,derived_element,True,University of Washington,False
OMOPV5_0,condition_era_id,Yes,0.0,0.0,0.0,University of Washington,0.0,05-17-2019,condition_era,0.0,0.0,cnde,derived_element,True,University of Washington,True
OMOPV5_0,person_id,Yes,0.0,0.0,0.0,University of Washington,0.0,05-17-2019,condition_era,0.0,0.0,cnde,derived_element,True,University of Washington,False
OMOPV5_0,condition_concept_id,Yes,0.0,0.0,0.0,University of Washington,0.0,05-17-2019,condition_era,0.0,0.0,cnde,derived_element,True,University of Washington,False
OMOPV5_0,condition_era_start_date,Yes,0.0,0.0,0.0,University of Washington,0.0,05-17-2019,condition_era,0.0,0.0,cnde,derived_element,True,University of Washington,False
OMOPV5_0,condition_era_end_date,Yes,0.0,0.0,0.0,University of Washington,0.0,05-17-2019,condition_era,0.0,0.0,cnde,derived_element,True,University of Washington,False
OMOPV5_0,condition_occurrence_count,No,0.0,0.0,0.0,University of Washington,0.0,05-17-2019,condition_era,0.0,0.0,cnde,derived_element,True,University of Washington,False
